Job position,Job link,Job id,Company name,Company profile,Location,Job posting date,No. of Applicants,Job likes
Front-end Engineer/Web Developer (SDE 1 &amp,https://in.linkedin.com/jobs/view/front-end-engineer-web-developer-sde-1-amp-2-at-box8-3800928381?refId=3iwCVID1IZ7omBhg0GFOKg%3D%3D&trackingId=VKxitfg0NxcP7FWlFgYPnQ%3D%3D&position=1&pageNum=0&trk=public_jobs_jserp-result_search-card,3800928381,BOX8,https://in.linkedin.com/company/poncho-hospitality-private-limited?trk=public_jobs_jserp-result_job-search-card-subtitle,"Bengaluru, Karnataka, India","January 9, 2024",91,10
Full stack junior developer,https://in.linkedin.com/jobs/view/full-stack-junior-developer-at-sony-india-3810331705?refId=3iwCVID1IZ7omBhg0GFOKg%3D%3D&trackingId=RetdtTjZKrbuUhqowrqySg%3D%3D&position=2&pageNum=0&trk=public_jobs_jserp-result_search-card,3810331705,Sony India,https://in.linkedin.com/company/sonyindia?trk=public_jobs_jserp-result_job-search-card-subtitle,"Bengaluru, Karnataka, India","January 19, 2024",3,1
Software Development Engineer I,https://in.linkedin.com/jobs/view/software-development-engineer-i-at-blinkit-3816881666?refId=3iwCVID1IZ7omBhg0GFOKg%3D%3D&trackingId=s5wOR%2BPM8u8CpiletpBPuA%3D%3D&position=3&pageNum=0&trk=public_jobs_jserp-result_search-card,3816881666,Blinkit,https://in.linkedin.com/company/letsblinkit?trk=public_jobs_jserp-result_job-search-card-subtitle,"Gurgaon, Haryana, India","February 3, 2024",2,1
Android Developer-SDE 1 &amp,https://in.linkedin.com/jobs/view/android-developer-sde-1-amp-2-software-development-engineer-at-box8-3800929078?refId=3iwCVID1IZ7omBhg0GFOKg%3D%3D&trackingId=yIuVv31rA5DBNVyvhARUsw%3D%3D&position=4&pageNum=0&trk=public_jobs_jserp-result_search-card,3800929078,BOX8,https://in.linkedin.com/company/poncho-hospitality-private-limited?trk=public_jobs_jserp-result_job-search-card-subtitle,"Bengaluru, Karnataka, India","January 9, 2024",18,14
JR. Software Developer,https://in.linkedin.com/jobs/view/jr-software-developer-at-maxus-technologies-pvt-ltd-3800928073?refId=3iwCVID1IZ7omBhg0GFOKg%3D%3D&trackingId=c5EI4atsXtOiJpQCsAMHgA%3D%3D&position=5&pageNum=0&trk=public_jobs_jserp-result_search-card,3800928073,Maxus Technologies Pvt Ltd,https://in.linkedin.com/company/maxus-technologies-pvt-ltd?trk=public_jobs_jserp-result_job-search-card-subtitle,"Mumbai, Maharashtra, India","January 9, 2024",26,22
Python Developer,https://in.linkedin.com/jobs/view/python-developer-at-ideas2it-technologies-3817373663?refId=3iwCVID1IZ7omBhg0GFOKg%3D%3D&trackingId=O%2B%2FfNKPViCr9bZrhqBsFRA%3D%3D&position=6&pageNum=0&trk=public_jobs_jserp-result_search-card,3817373663,Ideas2IT Technologies,https://www.linkedin.com/company/ideas2it?trk=public_jobs_jserp-result_job-search-card-subtitle,"Chennai, Tamil Nadu, India","January 6, 2024",59,18
Python Developer (Any Fresh Graduate)-,https://in.linkedin.com/jobs/view/python-developer-any-fresh-graduate-at-datametrics-technologies-3823459576?refId=3iwCVID1IZ7omBhg0GFOKg%3D%3D&trackingId=9wuipZhXSNMBDRxXeMYA9Q%3D%3D&position=7&pageNum=0&trk=public_jobs_jserp-result_search-card,3823459576,Datametrics Technologies,https://www.linkedin.com/company/datametrics-technologies?trk=public_jobs_jserp-result_job-search-card-subtitle,India,"February 6, 2024",7,5
SDE 1 (Frontend),https://in.linkedin.com/jobs/view/sde-1-frontend-at-furrl-3794019186?refId=3iwCVID1IZ7omBhg0GFOKg%3D%3D&trackingId=Dobcz%2B%2FBmRu1bPTSCi2ACA%3D%3D&position=8&pageNum=0&trk=public_jobs_jserp-result_search-card,3794019186,Furrl,https://in.linkedin.com/company/furrl?trk=public_jobs_jserp-result_job-search-card-subtitle,"Bengaluru, Karnataka, India","January 4, 2024",1,2
Software Engineer - Frontend,https://in.linkedin.com/jobs/view/software-engineer-frontend-at-shyftlabs-3682590079?refId=3iwCVID1IZ7omBhg0GFOKg%3D%3D&trackingId=0PV0XiQ2%2B05FWF0SIxy3nw%3D%3D&position=9&pageNum=0&trk=public_jobs_jserp-result_search-card,3682590079,ShyftLabs,https://ca.linkedin.com/company/shyftlabsio?trk=public_jobs_jserp-result_job-search-card-subtitle,"Hyderabad, Telangana, India","July 24, 2023",28,29
Software Engineer Prog,https://in.linkedin.com/jobs/view/software-engineer-prog-at-capgemini-3775381547?refId=3iwCVID1IZ7omBhg0GFOKg%3D%3D&trackingId=gq3hg%2B27Vz3XQftqA20%2FrQ%3D%3D&position=10&pageNum=0&trk=public_jobs_jserp-result_search-card,3775381547,Capgemini,https://fr.linkedin.com/company/capgemini?trk=public_jobs_jserp-result_job-search-card-subtitle,"Pune, Maharashtra, India","February 4, 2024",109,116
Full Stack Developer,https://in.linkedin.com/jobs/view/full-stack-developer-at-fluper-3800927345?refId=3iwCVID1IZ7omBhg0GFOKg%3D%3D&trackingId=Xxs5yr16rJDEy07KhlE0MA%3D%3D&position=11&pageNum=0&trk=public_jobs_jserp-result_search-card,3800927345,Fluper,https://in.linkedin.com/company/fluperofficial?trk=public_jobs_jserp-result_job-search-card-subtitle,"Gautam Buddha Nagar, Uttar Pradesh, India","January 9, 2024",1,1
Full Stack Developer - Junior,https://in.linkedin.com/jobs/view/full-stack-developer-junior-at-hyrefox-consultants-3800934013?refId=3iwCVID1IZ7omBhg0GFOKg%3D%3D&trackingId=psMne4KGfwJctNzTnNa6kg%3D%3D&position=12&pageNum=0&trk=public_jobs_jserp-result_search-card,3800934013,HyreFox Consultants,https://in.linkedin.com/company/hyrefox?trk=public_jobs_jserp-result_job-search-card-subtitle,"Jaipur, Rajasthan, India","January 9, 2024",1,2
Software Engineer I,https://in.linkedin.com/jobs/view/software-engineer-i-at-bottomline-3800220179?refId=3iwCVID1IZ7omBhg0GFOKg%3D%3D&trackingId=w8aWJGvNaXiY7PYPdBICtA%3D%3D&position=13&pageNum=0&trk=public_jobs_jserp-result_search-card,3800220179,Bottomline,https://www.linkedin.com/company/bottomline-technologies?trk=public_jobs_jserp-result_job-search-card-subtitle,"Bengaluru, Karnataka, India","January 30, 2024",68,13
Software Engineer,https://in.linkedin.com/jobs/view/software-engineer-at-fi-3785037257?refId=3iwCVID1IZ7omBhg0GFOKg%3D%3D&trackingId=p3d1nwDOwjTMo%2B7xAy9GJA%3D%3D&position=14&pageNum=0&trk=public_jobs_jserp-result_search-card,3785037257,Fi,https://in.linkedin.com/company/fi-money?trk=public_jobs_jserp-result_job-search-card-subtitle,"Bengaluru, Karnataka, India","December 20, 2023",1,1
Frontend Developer,https://in.linkedin.com/jobs/view/frontend-developer-at-cibirix-inc-3820661910?refId=3iwCVID1IZ7omBhg0GFOKg%3D%3D&trackingId=jh%2F1v6T%2BGQpDBFu4bI%2FHiQ%3D%3D&position=15&pageNum=0&trk=public_jobs_jserp-result_search-card,3820661910,Cibirix Inc.,https://www.linkedin.com/company/cibirixinc?trk=public_jobs_jserp-result_job-search-card-subtitle,"Indore, Madhya Pradesh, India","February 2, 2024",11,2
Frontend Developer,https://in.linkedin.com/jobs/view/frontend-developer-at-freecharge-3819962234?refId=3iwCVID1IZ7omBhg0GFOKg%3D%3D&trackingId=VS0Q1J3H%2FgL7HStd6X0PDg%3D%3D&position=16&pageNum=0&trk=public_jobs_jserp-result_search-card,3819962234,Freecharge,https://in.linkedin.com/company/freecharge-in?trk=public_jobs_jserp-result_job-search-card-subtitle,"Mumbai, Maharashtra, India","February 7, 2024",170,112
SDE-I (Full-stack Developer),https://in.linkedin.com/jobs/view/sde-i-full-stack-developer-at-mindtickle-3819513764?refId=3iwCVID1IZ7omBhg0GFOKg%3D%3D&trackingId=Clu9d4glaGW7Hi8mqnVZCA%3D%3D&position=17&pageNum=0&trk=public_jobs_jserp-result_search-card,3819513764,Mindtickle,https://www.linkedin.com/company/mindtickle?trk=public_jobs_jserp-result_job-search-card-subtitle,"Pune, Maharashtra, India","February 1, 2024",15,4
Software Engineer,https://in.linkedin.com/jobs/view/software-engineer-at-tech-mahindra-3806961160?refId=3iwCVID1IZ7omBhg0GFOKg%3D%3D&trackingId=MZ54gtpkhUdhu4Wn7I0G6g%3D%3D&position=18&pageNum=0&trk=public_jobs_jserp-result_search-card,3806961160,Tech Mahindra,https://in.linkedin.com/company/tech-mahindra?trk=public_jobs_jserp-result_job-search-card-subtitle,"Chennai, Tamil Nadu, India","January 20, 2024",115,106
Bigbasket - Software Development Engineer - Test - Manual Testing,https://in.linkedin.com/jobs/view/bigbasket-software-development-engineer-test-manual-testing-at-bigbasket-com-3784423611?refId=3iwCVID1IZ7omBhg0GFOKg%3D%3D&trackingId=dHjij6%2BE2X7ebBuZTgUJbw%3D%3D&position=19&pageNum=0&trk=public_jobs_jserp-result_search-card,3784423611,bigbasket.com,https://in.linkedin.com/company/bigbasket-com?trk=public_jobs_jserp-result_job-search-card-subtitle,"Bengaluru, Karnataka, India","December 19, 2023",1,2
Web Developer,https://in.linkedin.com/jobs/view/web-developer-at-raga-designers-3800921273?refId=3iwCVID1IZ7omBhg0GFOKg%3D%3D&trackingId=G5H8WShzIJW2YWHa8lFlNw%3D%3D&position=20&pageNum=0&trk=public_jobs_jserp-result_search-card,3800921273,Raga Designers,https://in.linkedin.com/company/raga-designers?trk=public_jobs_jserp-result_job-search-card-subtitle,"Chennai, Tamil Nadu, India","January 9, 2024",234,100
Software Engineer - Entry Level - Java,https://in.linkedin.com/jobs/view/software-engineer-entry-level-java-at-xybion-digital-3787789341?refId=3iwCVID1IZ7omBhg0GFOKg%3D%3D&trackingId=C6297BR5W5ZI6pZsXNKmjA%3D%3D&position=21&pageNum=0&trk=public_jobs_jserp-result_search-card,3787789341,Xybion Digital,https://www.linkedin.com/company/xybion-digital?trk=public_jobs_jserp-result_job-search-card-subtitle,"Chennai, Tamil Nadu, India","December 16, 2023",4,1
Software Solutions Engineer - 1,https://in.linkedin.com/jobs/view/software-solutions-engineer-1-at-navi-3808003948?refId=3iwCVID1IZ7omBhg0GFOKg%3D%3D&trackingId=BrY2XpNxx7%2BM9JgzSVjAAw%3D%3D&position=22&pageNum=0&trk=public_jobs_jserp-result_search-card,3808003948,Navi,https://in.linkedin.com/company/go-navi?trk=public_jobs_jserp-result_job-search-card-subtitle,"Bengaluru, Karnataka, India","January 22, 2024",1,3
Front End Developer (HTML CSS),https://in.linkedin.com/jobs/view/front-end-developer-html-css-at-spark-eighteen-3800929900?refId=3iwCVID1IZ7omBhg0GFOKg%3D%3D&trackingId=To7pxuMowHqhu61PgEsMGw%3D%3D&position=23&pageNum=0&trk=public_jobs_jserp-result_search-card,3800929900,Spark Eighteen,https://www.linkedin.com/company/spark-eighteen-lifestyle-pvt-ltd-?trk=public_jobs_jserp-result_job-search-card-subtitle,"Delhi, Delhi, India","January 9, 2024",28,17
Software Development Engineer - Backend,https://in.linkedin.com/jobs/view/software-development-engineer-backend-at-blinkit-3682590782?refId=3iwCVID1IZ7omBhg0GFOKg%3D%3D&trackingId=9TRXutrua19f%2F%2Bf6ISdOtQ%3D%3D&position=24&pageNum=0&trk=public_jobs_jserp-result_search-card,3682590782,Blinkit,https://in.linkedin.com/company/letsblinkit?trk=public_jobs_jserp-result_job-search-card-subtitle,"Gurgaon, Haryana, India","July 24, 2023",61,63
Software Engineer (Python),https://in.linkedin.com/jobs/view/software-engineer-python-at-soroco-3807318641?refId=3iwCVID1IZ7omBhg0GFOKg%3D%3D&trackingId=MRlNjIS%2FPi3Qvxc%2B255Feg%3D%3D&position=25&pageNum=0&trk=public_jobs_jserp-result_search-card,3807318641,Soroco,https://www.linkedin.com/company/soroco-pvt-ltd?trk=public_jobs_jserp-result_job-search-card-subtitle,"Bengaluru, Karnataka, India","January 17, 2024",211,67
Frontend Developer (All Levels),https://in.linkedin.com/jobs/view/frontend-developer-all-levels-at-outscal-3821140317?refId=1q%2BAqb3SYx213hYoZh6EEA%3D%3D&trackingId=rmgtN8Tf3FpKK%2FJYLyybyg%3D%3D&position=1&pageNum=5&trk=public_jobs_jserp-result_search-card,3821140317,Outscal,https://www.linkedin.com/company/outscal?trk=public_jobs_jserp-result_job-search-card-subtitle,India,"February 9, 2024",3,2
Web Developer,https://in.linkedin.com/jobs/view/web-developer-at-acme-services-3816935576?refId=1q%2BAqb3SYx213hYoZh6EEA%3D%3D&trackingId=eLL36Tq%2BXQEHkID2wqpV9A%3D%3D&position=2&pageNum=5&trk=public_jobs_jserp-result_search-card,3816935576,Acme Services,https://in.linkedin.com/company/acmeservices?trk=public_jobs_jserp-result_job-search-card-subtitle,"Mumbai, Maharashtra, India","January 5, 2024",51,25
SDET - 1,https://in.linkedin.com/jobs/view/sdet-1-at-slice-3803588101?refId=1q%2BAqb3SYx213hYoZh6EEA%3D%3D&trackingId=RgZBlUM%2FrgzUxsjtrShSbA%3D%3D&position=3&pageNum=5&trk=public_jobs_jserp-result_search-card,3803588101,slice,https://in.linkedin.com/company/sliceit?trk=public_jobs_jserp-result_job-search-card-subtitle,"Bengaluru, Karnataka, India","January 11, 2024",2,1
Web Developer,https://in.linkedin.com/jobs/view/web-developer-at-getsethome-3627622816?refId=1q%2BAqb3SYx213hYoZh6EEA%3D%3D&trackingId=KVgGdRDG9EIBs2ptx3FHFw%3D%3D&position=4&pageNum=5&trk=public_jobs_jserp-result_search-card,3627622816,Getsethome,https://www.linkedin.com/company/getsethome?trk=public_jobs_jserp-result_job-search-card-subtitle,"Mumbai, Maharashtra, India","June 6, 2023",22,12
Python Backend Developer,https://in.linkedin.com/jobs/view/python-backend-developer-at-geektrust-3809008239?refId=1q%2BAqb3SYx213hYoZh6EEA%3D%3D&trackingId=GKr%2F53zkK35d3JmplOVGvQ%3D%3D&position=5&pageNum=5&trk=public_jobs_jserp-result_search-card,3809008239,Geektrust,https://in.linkedin.com/company/geektrust?trk=public_jobs_jserp-result_job-search-card-subtitle,"Bengaluru, Karnataka, India","January 23, 2024",2,2
Software Engineer,https://in.linkedin.com/jobs/view/software-engineer-at-logitech-3802907617?refId=1q%2BAqb3SYx213hYoZh6EEA%3D%3D&trackingId=dyRQonVIxjYnSQiaXBm5fQ%3D%3D&position=6&pageNum=5&trk=public_jobs_jserp-result_search-card,3802907617,Logitech,https://www.linkedin.com/company/logitech?trk=public_jobs_jserp-result_job-search-card-subtitle,Greater Chennai Area,"December 16, 2023",747,102
Python Developer Intern (Any Graduate)_,https://in.linkedin.com/jobs/view/python-developer-intern-any-graduate-at-elite-met-solutions-3824535669?refId=1q%2BAqb3SYx213hYoZh6EEA%3D%3D&trackingId=YExAFGWz3S1iw9bP8gXZyA%3D%3D&position=7&pageNum=5&trk=public_jobs_jserp-result_search-card,3824535669,Elite Met Solutions,https://www.linkedin.com/company/elite-met-solutions?trk=public_jobs_jserp-result_job-search-card-subtitle,"Bilaspur, Uttar Pradesh, India","January 19, 2024",5,2
Frontend Developer,https://in.linkedin.com/jobs/view/frontend-developer-at-everestengineering-3808019441?refId=1q%2BAqb3SYx213hYoZh6EEA%3D%3D&trackingId=g8bYnaXSMFSu%2FGkfJHY%2FnQ%3D%3D&position=8&pageNum=5&trk=public_jobs_jserp-result_search-card,3808019441,EverestEngineering,https://au.linkedin.com/company/everestengineering?trk=public_jobs_jserp-result_job-search-card-subtitle,"Bengaluru, Karnataka, India","January 22, 2024",171,73
Software Engineer,https://in.linkedin.com/jobs/view/software-engineer-at-traveloka-3764924358?refId=1q%2BAqb3SYx213hYoZh6EEA%3D%3D&trackingId=LxGmRQhlCFT7LLJpVgIJuQ%3D%3D&position=9&pageNum=5&trk=public_jobs_jserp-result_search-card,3764924358,Traveloka,https://sg.linkedin.com/company/traveloka?trk=public_jobs_jserp-result_job-search-card-subtitle,Greater Coimbatore Area,"November 14, 2023",755,346
Remote Software Developer,https://in.linkedin.com/jobs/view/remote-software-developer-at-turing-3812140979?refId=1q%2BAqb3SYx213hYoZh6EEA%3D%3D&trackingId=28JK2qCHBD8o3yjQb%2BiPAQ%3D%3D&position=10&pageNum=5&trk=public_jobs_jserp-result_search-card,3812140979,Turing,https://www.linkedin.com/company/turingcom?trk=public_jobs_jserp-result_job-search-card-subtitle,India,"January 24, 2024",5,6
Full Stack Developer,https://in.linkedin.com/jobs/view/full-stack-developer-at-zaggle-3800925993?refId=1q%2BAqb3SYx213hYoZh6EEA%3D%3D&trackingId=W7OutJjLEiIzTJbO%2Bm0SpA%3D%3D&position=11&pageNum=5&trk=public_jobs_jserp-result_search-card,3800925993,Zaggle,https://in.linkedin.com/company/zaggleapp?trk=public_jobs_jserp-result_job-search-card-subtitle,"Hyderabad, Telangana, India","January 9, 2024",38,6
Software Developer - Backend,https://in.linkedin.com/jobs/view/software-developer-backend-at-bluesapling-3796301511?refId=1q%2BAqb3SYx213hYoZh6EEA%3D%3D&trackingId=bQagM29PC7X0HRbQJ6RlSQ%3D%3D&position=12&pageNum=5&trk=public_jobs_jserp-result_search-card,3796301511,BlueSapling,https://in.linkedin.com/company/bluesapling?trk=public_jobs_jserp-result_job-search-card-subtitle,"Bengaluru, Karnataka, India","January 7, 2024",54,67
Backend Developer,https://in.linkedin.com/jobs/view/backend-developer-at-driffle-3806964605?refId=1q%2BAqb3SYx213hYoZh6EEA%3D%3D&trackingId=lSDVdUsz7eunv8GRRgRilw%3D%3D&position=13&pageNum=5&trk=public_jobs_jserp-result_search-card,3806964605,Driffle,https://uk.linkedin.com/company/driffle?trk=public_jobs_jserp-result_job-search-card-subtitle,"Gurgaon, Haryana, India","January 20, 2024",1,1
Remote Python Developer,https://in.linkedin.com/jobs/view/remote-python-developer-at-turing-3808868651?refId=1q%2BAqb3SYx213hYoZh6EEA%3D%3D&trackingId=yUdO4PwFsicHj3Kh0tT8Cw%3D%3D&position=14&pageNum=5&trk=public_jobs_jserp-result_search-card,3808868651,Turing,https://www.linkedin.com/company/turingcom?trk=public_jobs_jserp-result_job-search-card-subtitle,Greater Bengaluru Area,"February 2, 2024",296,213
Jr. Web Developer,https://in.linkedin.com/jobs/view/jr-web-developer-at-viable-outsource-solution-3717977994?refId=1q%2BAqb3SYx213hYoZh6EEA%3D%3D&trackingId=ZSWq%2Bnget4Wyj28K31mxEQ%3D%3D&position=15&pageNum=5&trk=public_jobs_jserp-result_search-card,3717977994,Viable Outsource Solution,https://in.linkedin.com/company/viableoutsourcesolution?trk=public_jobs_jserp-result_job-search-card-subtitle,"Noida, Uttar Pradesh, India","August 22, 2023",29,15
Web Developer,https://in.linkedin.com/jobs/view/web-developer-at-manabh-software-3800925663?refId=1q%2BAqb3SYx213hYoZh6EEA%3D%3D&trackingId=Paos2qoAed96m0DNhaKMxg%3D%3D&position=16&pageNum=5&trk=public_jobs_jserp-result_search-card,3800925663,Manabh Software,https://in.linkedin.com/company/manabh-software?trk=public_jobs_jserp-result_job-search-card-subtitle,"Pune, Maharashtra, India","January 9, 2024",2,1
Remote Python Software Programmer,https://in.linkedin.com/jobs/view/remote-python-software-programmer-at-turing-3808871011?refId=1q%2BAqb3SYx213hYoZh6EEA%3D%3D&trackingId=ZdYywGbbf49YZ3puOHD57w%3D%3D&position=17&pageNum=5&trk=public_jobs_jserp-result_search-card,3808871011,Turing,https://www.linkedin.com/company/turingcom?trk=public_jobs_jserp-result_job-search-card-subtitle,India,"January 19, 2024",19,2
Full Stack Developer,https://in.linkedin.com/jobs/view/full-stack-developer-at-congruent-software-inc-3800927233?refId=1q%2BAqb3SYx213hYoZh6EEA%3D%3D&trackingId=gpUB0pVgoQHNqR1l%2ByzPbA%3D%3D&position=18&pageNum=5&trk=public_jobs_jserp-result_search-card,3800927233,Congruent Software Inc.,https://www.linkedin.com/company/congruent-soft?trk=public_jobs_jserp-result_job-search-card-subtitle,"Chennai, Tamil Nadu, India","January 9, 2024",4,4
Web Developer,https://in.linkedin.com/jobs/view/web-developer-at-brucode-technologies-3800918191?refId=1q%2BAqb3SYx213hYoZh6EEA%3D%3D&trackingId=Mw47AQRHULhFFBvh6LuLcg%3D%3D&position=19&pageNum=5&trk=public_jobs_jserp-result_search-card,3800918191,Brucode Technologies,https://in.linkedin.com/company/brucode-technologies-pvt-ltd-?trk=public_jobs_jserp-result_job-search-card-subtitle,"Sahibzada Ajit Singh Nagar, Punjab, India","January 9, 2024",3,1
Python Developer Intern (Any Graduate)_,https://in.linkedin.com/jobs/view/python-developer-intern-any-graduate-at-elite-met-solutions-3824533951?refId=1q%2BAqb3SYx213hYoZh6EEA%3D%3D&trackingId=reBgs23r%2B9q4o84B%2F0frjg%3D%3D&position=20&pageNum=5&trk=public_jobs_jserp-result_search-card,3824533951,Elite Met Solutions,https://www.linkedin.com/company/elite-met-solutions?trk=public_jobs_jserp-result_job-search-card-subtitle,"Thrissur, Kerala, India","January 19, 2024",11,5
Software Developer,https://in.linkedin.com/jobs/view/software-developer-at-ciel-hr-3637415521?refId=1q%2BAqb3SYx213hYoZh6EEA%3D%3D&trackingId=3Mq%2FsGGhmYKwyOPfzQSiZg%3D%3D&position=21&pageNum=5&trk=public_jobs_jserp-result_search-card,3637415521,CIEL HR,https://in.linkedin.com/company/cielhr?trk=public_jobs_jserp-result_job-search-card-subtitle,"Bengaluru, Karnataka, India","June 17, 2023",244,172
Software Developer,https://in.linkedin.com/jobs/view/software-developer-at-ciel-hr-3637412706?refId=1q%2BAqb3SYx213hYoZh6EEA%3D%3D&trackingId=VZTRKMmePJ1HbR2VILCPXA%3D%3D&position=22&pageNum=5&trk=public_jobs_jserp-result_search-card,3637412706,CIEL HR,https://in.linkedin.com/company/cielhr?trk=public_jobs_jserp-result_job-search-card-subtitle,"Pune, Maharashtra, India","June 17, 2023",63,112
Jr. Web Developer,https://in.linkedin.com/jobs/view/jr-web-developer-at-cloudzupp-3693711856?refId=1q%2BAqb3SYx213hYoZh6EEA%3D%3D&trackingId=z4l2H0GMUyyjUd0rh0XLww%3D%3D&position=23&pageNum=5&trk=public_jobs_jserp-result_search-card,3693711856,Cloudzupp,https://in.linkedin.com/company/cloudzupp?trk=public_jobs_jserp-result_job-search-card-subtitle,"Noida, Uttar Pradesh, India","August 17, 2023",4,1
Front End Developer,https://in.linkedin.com/jobs/view/front-end-developer-at-parakh-online-pvt-ltd-3811063289?refId=1q%2BAqb3SYx213hYoZh6EEA%3D%3D&trackingId=Gs0%2BiQLvXTqTqLphN6jEZQ%3D%3D&position=24&pageNum=5&trk=public_jobs_jserp-result_search-card,3811063289,Parakh Online Pvt. Ltd.,https://in.linkedin.com/company/parakh-online?trk=public_jobs_jserp-result_job-search-card-subtitle,"Delhi Cantonment, Delhi, India","January 22, 2024",60,45
Frontend Developer,https://in.linkedin.com/jobs/view/frontend-developer-at-dailyobjects-3803014868?refId=1q%2BAqb3SYx213hYoZh6EEA%3D%3D&trackingId=Wi6Io3ifb3Xyul2jw8%2FzTQ%3D%3D&position=25&pageNum=5&trk=public_jobs_jserp-result_search-card,3803014868,DailyObjects,https://in.linkedin.com/company/dailyobjects?trk=public_jobs_jserp-result_job-search-card-subtitle,"Gurgaon, Haryana, India","January 16, 2024",8,1
Junior Frontend Web Developer,https://in.linkedin.com/jobs/view/junior-frontend-web-developer-at-buildbear-labs-3785373845?refId=y7xYZDbFnJduZXs%2Fb0kcrg%3D%3D&trackingId=W71F7hPZA3mEtRrLZGhR7Q%3D%3D&position=1&pageNum=4&trk=public_jobs_jserp-result_search-card,3785373845,BuildBear Labs,https://sg.linkedin.com/company/build-bear?trk=public_jobs_jserp-result_job-search-card-subtitle,"Bengaluru, Karnataka, India","December 15, 2023",2,2
Web UI Developer,https://in.linkedin.com/jobs/view/web-ui-developer-at-sony-india-software-centre-3765624791?refId=y7xYZDbFnJduZXs%2Fb0kcrg%3D%3D&trackingId=kZFgK6zGuHwj6YE3pUHhzw%3D%3D&position=2&pageNum=4&trk=public_jobs_jserp-result_search-card,3765624791,Sony India Software Centre,https://in.linkedin.com/company/sonyindiasoftwarecentre?trk=public_jobs_jserp-result_job-search-card-subtitle,"Bengaluru, Karnataka, India","November 24, 2023",36,2
Software Developer,https://in.linkedin.com/jobs/view/software-developer-at-ciel-hr-3637412706?refId=y7xYZDbFnJduZXs%2Fb0kcrg%3D%3D&trackingId=lu%2BYngustE1aedyHxuTFuA%3D%3D&position=3&pageNum=4&trk=public_jobs_jserp-result_search-card,3637412706,CIEL HR,https://in.linkedin.com/company/cielhr?trk=public_jobs_jserp-result_job-search-card-subtitle,"Pune, Maharashtra, India","June 17, 2023",73,20
HTML DEVELOPERS,https://in.linkedin.com/jobs/view/html-developers-at-india-today-3800923380?refId=y7xYZDbFnJduZXs%2Fb0kcrg%3D%3D&trackingId=bkhUUqQiwwFqtdfbOHX9%2Bw%3D%3D&position=4&pageNum=4&trk=public_jobs_jserp-result_search-card,3800923380,India Today,https://in.linkedin.com/company/india-today?trk=public_jobs_jserp-result_job-search-card-subtitle,"Gautam Buddha Nagar, Uttar Pradesh, India","January 9, 2024",68,18
Frontend Developer,https://in.linkedin.com/jobs/view/frontend-developer-at-dailyobjects-3803014868?refId=y7xYZDbFnJduZXs%2Fb0kcrg%3D%3D&trackingId=O6Kxsq4VgnE64IwqbnyFFg%3D%3D&position=5&pageNum=4&trk=public_jobs_jserp-result_search-card,3803014868,DailyObjects,https://in.linkedin.com/company/dailyobjects?trk=public_jobs_jserp-result_job-search-card-subtitle,"Gurgaon, Haryana, India","January 16, 2024",133,14
React JS Developer,https://in.linkedin.com/jobs/view/react-js-developer-at-grey-chain-3804749483?refId=y7xYZDbFnJduZXs%2Fb0kcrg%3D%3D&trackingId=u64GNNd63bh4IHwB5pXqoQ%3D%3D&position=6&pageNum=4&trk=public_jobs_jserp-result_search-card,3804749483,Grey Chain,https://in.linkedin.com/company/grey-chain?trk=public_jobs_jserp-result_job-search-card-subtitle,"New Delhi, Delhi, India","January 12, 2024",226,253
Python Backend Developer,https://in.linkedin.com/jobs/view/python-backend-developer-at-geektrust-3809008239?refId=y7xYZDbFnJduZXs%2Fb0kcrg%3D%3D&trackingId=xSA0aGvVEKvPzd5ekEs%2FCA%3D%3D&position=7&pageNum=4&trk=public_jobs_jserp-result_search-card,3809008239,Geektrust,https://in.linkedin.com/company/geektrust?trk=public_jobs_jserp-result_job-search-card-subtitle,"Bengaluru, Karnataka, India","January 23, 2024",2,1
Junior Software developer,https://in.linkedin.com/jobs/view/junior-software-developer-at-elevado-softwares-3792888046?refId=y7xYZDbFnJduZXs%2Fb0kcrg%3D%3D&trackingId=xsjCk3r4oimLVLtJSulEuQ%3D%3D&position=8&pageNum=4&trk=public_jobs_jserp-result_search-card,3792888046,Elevado Softwares,https://www.linkedin.com/company/elevado-softwares?trk=public_jobs_jserp-result_job-search-card-subtitle,"Coimbatore, Tamil Nadu, India","December 28, 2023",3,2
React Developer,https://in.linkedin.com/jobs/view/react-developer-at-scrumlin-3819957603?refId=y7xYZDbFnJduZXs%2Fb0kcrg%3D%3D&trackingId=Q%2F%2FbjkoOBbI3fDHUTd2QBA%3D%3D&position=9&pageNum=4&trk=public_jobs_jserp-result_search-card,3819957603,Scrumlin,https://in.linkedin.com/company/scrumlin?trk=public_jobs_jserp-result_job-search-card-subtitle,"Bhubaneshwar, Odisha, India","February 7, 2024",1,1
Web Developer,https://in.linkedin.com/jobs/view/web-developer-at-sumago-infotech-pvt-ltd-3800928532?refId=y7xYZDbFnJduZXs%2Fb0kcrg%3D%3D&trackingId=82i0FObH%2Bxt8auQI7FBmmQ%3D%3D&position=10&pageNum=4&trk=public_jobs_jserp-result_search-card,3800928532,Sumago Infotech Pvt. Ltd.,https://in.linkedin.com/company/sumago-infotech-pvt-ltd?trk=public_jobs_jserp-result_job-search-card-subtitle,"Nashik, Maharashtra, India","January 9, 2024",3,5
Web / UI Developer (HTML5 / CSS3 / JavaScript),https://in.linkedin.com/jobs/view/web-ui-developer-html5-css3-javascript-at-optirisk-india-3800919967?refId=y7xYZDbFnJduZXs%2Fb0kcrg%3D%3D&trackingId=gsgmaYB0idZ1xOVuWuf38A%3D%3D&position=11&pageNum=4&trk=public_jobs_jserp-result_search-card,3800919967,OptiRisk India,https://www.linkedin.com/company/optirisk-india?trk=public_jobs_jserp-result_job-search-card-subtitle,"Chennai, Tamil Nadu, India","January 9, 2024",6,2
JUNIOR DEVELOPER / SOFTWARE ENGINEER,https://in.linkedin.com/jobs/view/junior-developer-software-engineer-at-neer-interactive-solutions-p-ltd-3800933192?refId=y7xYZDbFnJduZXs%2Fb0kcrg%3D%3D&trackingId=Ffv1RXQ%2FrxEKYdN%2Bzm7HrQ%3D%3D&position=12&pageNum=4&trk=public_jobs_jserp-result_search-card,3800933192,Neer Interactive Solutions (P) Ltd,https://in.linkedin.com/company/neer-interactives?trk=public_jobs_jserp-result_job-search-card-subtitle,"Hyderabad, Telangana, India","January 9, 2024",2,1
SQL Developer,https://in.linkedin.com/jobs/view/sql-developer-at-acme-services-3816934397?refId=y7xYZDbFnJduZXs%2Fb0kcrg%3D%3D&trackingId=Ra%2FtO5mBUFwAxtGVnvjKaQ%3D%3D&position=13&pageNum=4&trk=public_jobs_jserp-result_search-card,3816934397,Acme Services,https://in.linkedin.com/company/acmeservices?trk=public_jobs_jserp-result_job-search-card-subtitle,"Mumbai, Maharashtra, India","January 5, 2024",5,1
Interesting Job Opportunity: Quantsapp - Junior Python Developer - Pandas/Numpy,https://in.linkedin.com/jobs/view/interesting-job-opportunity-quantsapp-junior-python-developer-pandas-numpy-at-quantsapp-3795120112?refId=y7xYZDbFnJduZXs%2Fb0kcrg%3D%3D&trackingId=%2FlKBU2GEE%2FaHyDf4zA6Kkw%3D%3D&position=14&pageNum=4&trk=public_jobs_jserp-result_search-card,3795120112,Quantsapp,https://in.linkedin.com/company/quantsapp?trk=public_jobs_jserp-result_job-search-card-subtitle,"Mumbai, Maharashtra, India","January 5, 2024",2,1
Python Developer (Any Fresh Graduate)-,https://in.linkedin.com/jobs/view/python-developer-any-fresh-graduate-at-datametrics-technologies-3823459576?refId=y7xYZDbFnJduZXs%2Fb0kcrg%3D%3D&trackingId=vhoP53bR2ZF0tu%2BxZKp0ZA%3D%3D&position=15&pageNum=4&trk=public_jobs_jserp-result_search-card,3823459576,Datametrics Technologies,https://www.linkedin.com/company/datametrics-technologies?trk=public_jobs_jserp-result_job-search-card-subtitle,India,"February 6, 2024",6,2
Front End Developer,https://in.linkedin.com/jobs/view/front-end-developer-at-parakh-online-pvt-ltd-3811063289?refId=y7xYZDbFnJduZXs%2Fb0kcrg%3D%3D&trackingId=th8Rulr6f0IyVOYKj0yvxg%3D%3D&position=16&pageNum=4&trk=public_jobs_jserp-result_search-card,3811063289,Parakh Online Pvt. Ltd.,https://in.linkedin.com/company/parakh-online?trk=public_jobs_jserp-result_job-search-card-subtitle,"Delhi Cantonment, Delhi, India","January 22, 2024",9,2
Frontend Developer,https://in.linkedin.com/jobs/view/frontend-developer-at-leaguex-3792601534?refId=y7xYZDbFnJduZXs%2Fb0kcrg%3D%3D&trackingId=sykUhWJnaIRPYbEJYkA6FA%3D%3D&position=17&pageNum=4&trk=public_jobs_jserp-result_search-card,3792601534,LeagueX,https://in.linkedin.com/company/leaguex-gaming?trk=public_jobs_jserp-result_job-search-card-subtitle,"Bengaluru, Karnataka, India","December 27, 2023",1,1
Full Stack Developer | Remote,https://in.linkedin.com/jobs/view/full-stack-developer-remote-at-nao-medical-3804431670?refId=y7xYZDbFnJduZXs%2Fb0kcrg%3D%3D&trackingId=6LPl9f0xCzyQItC4dZzPFg%3D%3D&position=18&pageNum=4&trk=public_jobs_jserp-result_search-card,3804431670,Nao Medical,https://www.linkedin.com/company/naomedical?trk=public_jobs_jserp-result_job-search-card-subtitle,Greater Delhi Area,"December 17, 2023",2,2
full stack developer,https://in.linkedin.com/jobs/view/full-stack-developer-at-infanion-3800937183?refId=y7xYZDbFnJduZXs%2Fb0kcrg%3D%3D&trackingId=ncOA2Yaa9h%2Fk11zp2wNc4A%3D%3D&position=19&pageNum=4&trk=public_jobs_jserp-result_search-card,3800937183,Infanion,https://be.linkedin.com/company/infanion?trk=public_jobs_jserp-result_job-search-card-subtitle,"Bengaluru, Karnataka, India","January 9, 2024",3,3
Node JS Developer,https://in.linkedin.com/jobs/view/node-js-developer-at-hyrefox-consultants-3800916854?refId=y7xYZDbFnJduZXs%2Fb0kcrg%3D%3D&trackingId=s1cwa6Plw2iIFPqklrzIFg%3D%3D&position=20&pageNum=4&trk=public_jobs_jserp-result_search-card,3800916854,HyreFox Consultants,https://in.linkedin.com/company/hyrefox?trk=public_jobs_jserp-result_job-search-card-subtitle,"Chennai, Tamil Nadu, India","January 9, 2024",2,1
Front-end Developer,https://in.linkedin.com/jobs/view/front-end-developer-at-nextgen-technologies-3825449024?refId=y7xYZDbFnJduZXs%2Fb0kcrg%3D%3D&trackingId=5Ox%2B1FuUHrla67dkxDFELg%3D%3D&position=21&pageNum=4&trk=public_jobs_jserp-result_search-card,3825449024,NextGen Technologies,https://in.linkedin.com/company/nextgen-technologies1?trk=public_jobs_jserp-result_job-search-card-subtitle,"Bengaluru, Karnataka, India","February 8, 2024",162,160
Web Developer,https://in.linkedin.com/jobs/view/web-developer-at-futurecareer-solutions-pvt-ltd-3800938336?refId=y7xYZDbFnJduZXs%2Fb0kcrg%3D%3D&trackingId=Qd8FlQ6S7HO6OYYuVLZuow%3D%3D&position=22&pageNum=4&trk=public_jobs_jserp-result_search-card,3800938336,Futurecareer Solutions Pvt. Ltd.,https://in.linkedin.com/company/futurecareer-solutions-pvt-ltd-?trk=public_jobs_jserp-result_job-search-card-subtitle,"Bhubaneshwar, Odisha, India","January 9, 2024",2,1
Software Engineer - Frontend,https://in.linkedin.com/jobs/view/software-engineer-frontend-at-shyftlabs-3682590079?refId=y7xYZDbFnJduZXs%2Fb0kcrg%3D%3D&trackingId=6jNG3PRfloYs73aYg7ey1A%3D%3D&position=23&pageNum=4&trk=public_jobs_jserp-result_search-card,3682590079,ShyftLabs,https://ca.linkedin.com/company/shyftlabsio?trk=public_jobs_jserp-result_job-search-card-subtitle,"Hyderabad, Telangana, India","July 24, 2023",1,1
web developer,https://in.linkedin.com/jobs/view/web-developer-at-ciel-hr-3816928638?refId=y7xYZDbFnJduZXs%2Fb0kcrg%3D%3D&trackingId=URZbqvPOBEnMVXQOqljvvA%3D%3D&position=24&pageNum=4&trk=public_jobs_jserp-result_search-card,3816928638,CIEL HR,https://in.linkedin.com/company/cielhr?trk=public_jobs_jserp-result_job-search-card-subtitle,"Gurgaon, Haryana, India","January 5, 2024",3,1
Software Engineer,https://in.linkedin.com/jobs/view/software-engineer-at-traveloka-3764924358?refId=y7xYZDbFnJduZXs%2Fb0kcrg%3D%3D&trackingId=%2Bym%2FjJGE7CK%2FCmGE%2BWSrTg%3D%3D&position=25&pageNum=4&trk=public_jobs_jserp-result_search-card,3764924358,Traveloka,https://sg.linkedin.com/company/traveloka?trk=public_jobs_jserp-result_job-search-card-subtitle,Greater Coimbatore Area,"November 14, 2023",3,1
Astrotalk - Junior Java Developer,https://in.linkedin.com/jobs/view/astrotalk-junior-java-developer-at-astrotalk-3819429683?refId=R%2F%2FAawSXTfcXMSWiOjHUaw%3D%3D&trackingId=LQgcSAc4aPhkb%2FzIPIS8cA%3D%3D&position=1&pageNum=2&trk=public_jobs_jserp-result_search-card,3819429683,Astrotalk,https://in.linkedin.com/company/astrotalk-online-astrology-predictions?trk=public_jobs_jserp-result_job-search-card-subtitle,"Noida, Uttar Pradesh, India","February 6, 2024",3,3
Frontend Developer,https://in.linkedin.com/jobs/view/frontend-developer-at-skynet-technologies-usa-llc-3814267225?refId=R%2F%2FAawSXTfcXMSWiOjHUaw%3D%3D&trackingId=ERtOXJ4K%2BInAhPiuX2GVOQ%3D%3D&position=2&pageNum=2&trk=public_jobs_jserp-result_search-card,3814267225,Skynet Technologies USA LLC,https://www.linkedin.com/company/skynet-technologies-usa-llc?trk=public_jobs_jserp-result_job-search-card-subtitle,"Jamnagar, Gujarat, India","January 31, 2024",25,12
React JS Developer,https://in.linkedin.com/jobs/view/react-js-developer-at-hyrefox-consultants-3800925138?refId=R%2F%2FAawSXTfcXMSWiOjHUaw%3D%3D&trackingId=u8ZfOE%2FxdHuMztFiucub6g%3D%3D&position=3&pageNum=2&trk=public_jobs_jserp-result_search-card,3800925138,HyreFox Consultants,https://in.linkedin.com/company/hyrefox?trk=public_jobs_jserp-result_job-search-card-subtitle,"Chennai, Tamil Nadu, India","January 9, 2024",3,1
Software Developer 1,https://in.linkedin.com/jobs/view/software-developer-1-at-wakefit-3697780442?refId=R%2F%2FAawSXTfcXMSWiOjHUaw%3D%3D&trackingId=%2BieCs3OoacbWnHfGOSsDqg%3D%3D&position=4&pageNum=2&trk=public_jobs_jserp-result_search-card,3697780442,Wakefit,https://in.linkedin.com/company/wakefitco?trk=public_jobs_jserp-result_job-search-card-subtitle,"Bengaluru, Karnataka, India","August 26, 2023",3,3
Entry Level Programmer,https://in.linkedin.com/jobs/view/entry-level-programmer-at-cumulations-technologies-3800930604?refId=R%2F%2FAawSXTfcXMSWiOjHUaw%3D%3D&trackingId=wAqb6vIXBvxLatRUqIGLZg%3D%3D&position=5&pageNum=2&trk=public_jobs_jserp-result_search-card,3800930604,Cumulations Technologies,https://in.linkedin.com/company/cumulations?trk=public_jobs_jserp-result_job-search-card-subtitle,"Bengaluru, Karnataka, India","January 9, 2024",63,56
Software Engineer,https://in.linkedin.com/jobs/view/software-engineer-at-meditab-software-inc-3627620587?refId=R%2F%2FAawSXTfcXMSWiOjHUaw%3D%3D&trackingId=ft38LpB0%2FllBieORcaL22Q%3D%3D&position=6&pageNum=2&trk=public_jobs_jserp-result_search-card,3627620587,Meditab Software Inc.,https://www.linkedin.com/company/meditab-software-inc-?trk=public_jobs_jserp-result_job-search-card-subtitle,"Ahmedabad, Gujarat, India","June 6, 2023",110,39
Web UI Developer,https://in.linkedin.com/jobs/view/web-ui-developer-at-sony-india-software-centre-3765624791?refId=R%2F%2FAawSXTfcXMSWiOjHUaw%3D%3D&trackingId=7zcMrEvd41kI1i04%2BM53%2Bg%3D%3D&position=7&pageNum=2&trk=public_jobs_jserp-result_search-card,3765624791,Sony India Software Centre,https://in.linkedin.com/company/sonyindiasoftwarecentre?trk=public_jobs_jserp-result_job-search-card-subtitle,"Bengaluru, Karnataka, India","November 24, 2023",130,53
Software Engineer Trainee,https://in.linkedin.com/jobs/view/software-engineer-trainee-at-coddle-technologies-pvt-ltd-3792383789?refId=R%2F%2FAawSXTfcXMSWiOjHUaw%3D%3D&trackingId=ppHi8%2Fzjmevuka0SYNL55Q%3D%3D&position=8&pageNum=2&trk=public_jobs_jserp-result_search-card,3792383789,Coddle Technologies Pvt. Ltd.,https://in.linkedin.com/company/coddletech?trk=public_jobs_jserp-result_job-search-card-subtitle,"Bengaluru, Karnataka, India","December 8, 2023",4,1
HTML Developer,https://in.linkedin.com/jobs/view/html-developer-at-galagali-multimedia-3800920898?refId=R%2F%2FAawSXTfcXMSWiOjHUaw%3D%3D&trackingId=S3Jix52ffWEsp5r6zg4log%3D%3D&position=9&pageNum=2&trk=public_jobs_jserp-result_search-card,3800920898,GALAGALI MULTIMEDIA,https://www.linkedin.com/company/galagalimultimedia?trk=public_jobs_jserp-result_job-search-card-subtitle,"Thane, Maharashtra, India","January 9, 2024",9,3
Front-end Web developer,https://in.linkedin.com/jobs/view/front-end-web-developer-at-emertxe-information-technologies-3800921571?refId=R%2F%2FAawSXTfcXMSWiOjHUaw%3D%3D&trackingId=e0EcYM38fmJrwWr%2BEzNtiA%3D%3D&position=10&pageNum=2&trk=public_jobs_jserp-result_search-card,3800921571,Emertxe Information Technologies,https://in.linkedin.com/company/emertxeit?trk=public_jobs_jserp-result_job-search-card-subtitle,"Bengaluru, Karnataka, India","January 9, 2024",2,2
JUNIOR DEVELOPER / SOFTWARE ENGINEER,https://in.linkedin.com/jobs/view/junior-developer-software-engineer-at-neer-interactive-solutions-p-ltd-3800933192?refId=R%2F%2FAawSXTfcXMSWiOjHUaw%3D%3D&trackingId=l24%2FEmBA7QDcq6RD32vnIg%3D%3D&position=11&pageNum=2&trk=public_jobs_jserp-result_search-card,3800933192,Neer Interactive Solutions (P) Ltd,https://in.linkedin.com/company/neer-interactives?trk=public_jobs_jserp-result_job-search-card-subtitle,"Hyderabad, Telangana, India","January 9, 2024",222,211
Software Engineer Trainee,https://in.linkedin.com/jobs/view/software-engineer-trainee-at-coddle-technologies-pvt-ltd-3792389318?refId=R%2F%2FAawSXTfcXMSWiOjHUaw%3D%3D&trackingId=AW5HImrwhYA05Cw7LLvDZQ%3D%3D&position=12&pageNum=2&trk=public_jobs_jserp-result_search-card,3792389318,Coddle Technologies Pvt. Ltd.,https://in.linkedin.com/company/coddletech?trk=public_jobs_jserp-result_job-search-card-subtitle,"Bengaluru, Karnataka, India","December 8, 2023",51,36
Software Engineer 1 - Backend,https://in.linkedin.com/jobs/view/software-engineer-1-backend-at-bizongo-3824900815?refId=R%2F%2FAawSXTfcXMSWiOjHUaw%3D%3D&trackingId=NpzkgQUKHx2V3rhqy0Pveg%3D%3D&position=13&pageNum=2&trk=public_jobs_jserp-result_search-card,3824900815,Bizongo,https://in.linkedin.com/company/bizongo?trk=public_jobs_jserp-result_job-search-card-subtitle,"Bengaluru, Karnataka, India","February 7, 2024",1,1
Software Engineer 1 - Backend,https://in.linkedin.com/jobs/view/software-engineer-1-backend-at-bizongo-3824901640?refId=R%2F%2FAawSXTfcXMSWiOjHUaw%3D%3D&trackingId=IBJ04DW140qzb8yN%2BP0Bmw%3D%3D&position=14&pageNum=2&trk=public_jobs_jserp-result_search-card,3824901640,Bizongo,https://in.linkedin.com/company/bizongo?trk=public_jobs_jserp-result_job-search-card-subtitle,"Bengaluru, Karnataka, India","February 7, 2024",1,9
Frontend Developer Reactjs,https://in.linkedin.com/jobs/view/frontend-developer-reactjs-at-patona-3812706883?refId=R%2F%2FAawSXTfcXMSWiOjHUaw%3D%3D&trackingId=EUyKtWoDFeRN0aDnTJ9B3g%3D%3D&position=15&pageNum=2&trk=public_jobs_jserp-result_search-card,3812706883,Patona,https://au.linkedin.com/company/patona?trk=public_jobs_jserp-result_job-search-card-subtitle,India,"January 23, 2024",3,3
HTML Developer,https://in.linkedin.com/jobs/view/html-developer-at-connecting-2-work-3800936057?refId=R%2F%2FAawSXTfcXMSWiOjHUaw%3D%3D&trackingId=H%2BpLJGmAb8ci8QwZTTYCsg%3D%3D&position=16&pageNum=2&trk=public_jobs_jserp-result_search-card,3800936057,CONNECTING 2 WORK,https://in.linkedin.com/company/connecting2work?trk=public_jobs_jserp-result_job-search-card-subtitle,"Thiruvananthapuram, Kerala, India","January 9, 2024",33,51
Remote Python Software Programmer,https://in.linkedin.com/jobs/view/remote-python-software-programmer-at-turing-3808867492?refId=R%2F%2FAawSXTfcXMSWiOjHUaw%3D%3D&trackingId=AQ0A%2Bzl%2FYzN9180KvAUQXA%3D%3D&position=17&pageNum=2&trk=public_jobs_jserp-result_search-card,3808867492,Turing,https://www.linkedin.com/company/turingcom?trk=public_jobs_jserp-result_job-search-card-subtitle,India,"January 19, 2024",85,8
Web Developer,https://in.linkedin.com/jobs/view/web-developer-at-c-c-technology-pvt-ltd-3627620853?refId=R%2F%2FAawSXTfcXMSWiOjHUaw%3D%3D&trackingId=uQLlYos3IR%2BcE40mkvM79Q%3D%3D&position=18&pageNum=2&trk=public_jobs_jserp-result_search-card,3627620853,C & C Technology Pvt. Ltd.,https://in.linkedin.com/company/cconfigure?trk=public_jobs_jserp-result_job-search-card-subtitle,"Hyderabad, Telangana, India","June 6, 2023",3,1
Software Engineer,https://in.linkedin.com/jobs/view/software-engineer-at-itc-limited-3787181982?refId=R%2F%2FAawSXTfcXMSWiOjHUaw%3D%3D&trackingId=66iRXbtrOtfNk2rbvs0M2w%3D%3D&position=19&pageNum=2&trk=public_jobs_jserp-result_search-card,3787181982,ITC Limited,https://in.linkedin.com/company/itc-limited?trk=public_jobs_jserp-result_job-search-card-subtitle,Greater Kolkata Area,"November 20, 2023",5,2
HTML DEVELOPERS,https://in.linkedin.com/jobs/view/html-developers-at-india-today-3800923380?refId=R%2F%2FAawSXTfcXMSWiOjHUaw%3D%3D&trackingId=3bEDgc0VUB3h1UM4wF7hvA%3D%3D&position=20&pageNum=2&trk=public_jobs_jserp-result_search-card,3800923380,India Today,https://in.linkedin.com/company/india-today?trk=public_jobs_jserp-result_job-search-card-subtitle,"Gautam Buddha Nagar, Uttar Pradesh, India","January 9, 2024",243,188
Software Software Development,https://in.linkedin.com/jobs/view/software-software-development-at-rd-global-solutions-3800923985?refId=R%2F%2FAawSXTfcXMSWiOjHUaw%3D%3D&trackingId=se1WTI3hZhNYAiEx2tzYRQ%3D%3D&position=21&pageNum=2&trk=public_jobs_jserp-result_search-card,3800923985,RD Global Solutions,https://in.linkedin.com/company/rd-global-solutions?trk=public_jobs_jserp-result_job-search-card-subtitle,"Pune, Maharashtra, India","January 9, 2024",2,1
React JS Developer,https://in.linkedin.com/jobs/view/react-js-developer-at-splendornet-technologies-pvt-ltd-3800924756?refId=R%2F%2FAawSXTfcXMSWiOjHUaw%3D%3D&trackingId=VgScXxk3BOAdwjwvXNet7g%3D%3D&position=22&pageNum=2&trk=public_jobs_jserp-result_search-card,3800924756,SplendorNet Technologies Pvt. Ltd.,https://in.linkedin.com/company/splendornet-technologies?trk=public_jobs_jserp-result_job-search-card-subtitle,"Pune, Maharashtra, India","January 9, 2024",3,1
Software Engineer Trainee,https://in.linkedin.com/jobs/view/software-engineer-trainee-at-coddle-technologies-pvt-ltd-3792383682?refId=R%2F%2FAawSXTfcXMSWiOjHUaw%3D%3D&trackingId=TAaq8UGcIow91owCcrEsjQ%3D%3D&position=23&pageNum=2&trk=public_jobs_jserp-result_search-card,3792383682,Coddle Technologies Pvt. Ltd.,https://in.linkedin.com/company/coddletech?trk=public_jobs_jserp-result_job-search-card-subtitle,"Bengaluru, Karnataka, India","December 2, 2023",131,51
Junior React JS Developer,https://in.linkedin.com/jobs/view/junior-react-js-developer-at-full-stack-technology-llp-3800938018?refId=R%2F%2FAawSXTfcXMSWiOjHUaw%3D%3D&trackingId=AGzGSXe4nNDRevuHouKFqA%3D%3D&position=24&pageNum=2&trk=public_jobs_jserp-result_search-card,3800938018,Full Stack Technology LLP,https://in.linkedin.com/company/full-stack-technology-llp?trk=public_jobs_jserp-result_job-search-card-subtitle,"Gandhinagar, Gujarat, India","January 9, 2024",29,1
Junior Frontend Web Developer,https://in.linkedin.com/jobs/view/junior-frontend-web-developer-at-buildbear-labs-3785373845?refId=R%2F%2FAawSXTfcXMSWiOjHUaw%3D%3D&trackingId=dpFafHw81sWQvheXrTPP5A%3D%3D&position=25&pageNum=2&trk=public_jobs_jserp-result_search-card,3785373845,BuildBear Labs,https://sg.linkedin.com/company/build-bear?trk=public_jobs_jserp-result_job-search-card-subtitle,"Bengaluru, Karnataka, India","December 15, 2023",3,1
Software Development Engineer - Backend,https://in.linkedin.com/jobs/view/software-development-engineer-backend-at-blinkit-3682590782?refId=QSHn4LjPHfVngwplCARPfg%3D%3D&trackingId=Q9YYtKVvxgwyLIjsvmg3Gw%3D%3D&position=1&pageNum=1&trk=public_jobs_jserp-result_search-card,3682590782,Blinkit,https://in.linkedin.com/company/letsblinkit?trk=public_jobs_jserp-result_job-search-card-subtitle,"Gurgaon, Haryana, India","July 24, 2023",27,8
Front End Developer (HTML CSS),https://in.linkedin.com/jobs/view/front-end-developer-html-css-at-spark-eighteen-3800929900?refId=QSHn4LjPHfVngwplCARPfg%3D%3D&trackingId=qlgBIa1NHx9sWYPQ38UhwA%3D%3D&position=2&pageNum=1&trk=public_jobs_jserp-result_search-card,3800929900,Spark Eighteen,https://www.linkedin.com/company/spark-eighteen-lifestyle-pvt-ltd-?trk=public_jobs_jserp-result_job-search-card-subtitle,"Delhi, Delhi, India","January 9, 2024",4,2
Front end developer,https://in.linkedin.com/jobs/view/front-end-developer-at-element8-3824660446?refId=QSHn4LjPHfVngwplCARPfg%3D%3D&trackingId=jke1gteb2GX5KBxowFcPMw%3D%3D&position=3&pageNum=1&trk=public_jobs_jserp-result_search-card,3824660446,Element8,https://ae.linkedin.com/company/element-8?trk=public_jobs_jserp-result_job-search-card-subtitle,"Kozhikode, Kerala, India","February 7, 2024",142,22
Software Engineer (Python),https://in.linkedin.com/jobs/view/software-engineer-python-at-soroco-3807318641?refId=QSHn4LjPHfVngwplCARPfg%3D%3D&trackingId=rfyIeoFsIl1pUaXhPmVlew%3D%3D&position=4&pageNum=1&trk=public_jobs_jserp-result_search-card,3807318641,Soroco,https://www.linkedin.com/company/soroco-pvt-ltd?trk=public_jobs_jserp-result_job-search-card-subtitle,"Bengaluru, Karnataka, India","January 17, 2024",2,8
SDE 1 Frontend,https://in.linkedin.com/jobs/view/sde-1-frontend-at-antal-international-3756717427?refId=QSHn4LjPHfVngwplCARPfg%3D%3D&trackingId=AtG9UNjItYB0XrOmywHQ%2FA%3D%3D&position=5&pageNum=1&trk=public_jobs_jserp-result_search-card,3756717427,Antal International,https://uk.linkedin.com/company/antal-international?trk=public_jobs_jserp-result_job-search-card-subtitle,"Bengaluru North, Karnataka, India","November 2, 2023",149,145
Junior Front End Developer,https://in.linkedin.com/jobs/view/junior-front-end-developer-at-connecting-2-work-3800933156?refId=QSHn4LjPHfVngwplCARPfg%3D%3D&trackingId=vWzyhjkzAJ2K42zxA2SEGQ%3D%3D&position=6&pageNum=1&trk=public_jobs_jserp-result_search-card,3800933156,CONNECTING 2 WORK,https://in.linkedin.com/company/connecting2work?trk=public_jobs_jserp-result_job-search-card-subtitle,"Kochi, Kerala, India","January 9, 2024",3,3
Software Engineer Level 1/Level 2,https://in.linkedin.com/jobs/view/software-engineer-level-1-level-2-at-inncrewin-technologies-3800918803?refId=QSHn4LjPHfVngwplCARPfg%3D%3D&trackingId=9INy6gaaMFn3Lgwi4lsxpQ%3D%3D&position=7&pageNum=1&trk=public_jobs_jserp-result_search-card,3800918803,Inncrewin Technologies,https://in.linkedin.com/company/inncrewin-technologies?trk=public_jobs_jserp-result_job-search-card-subtitle,"Bengaluru, Karnataka, India","January 9, 2024",42,46
Web / UI Developer (HTML5 / CSS3 / JavaScript),https://in.linkedin.com/jobs/view/web-ui-developer-html5-css3-javascript-at-optirisk-india-3800919967?refId=QSHn4LjPHfVngwplCARPfg%3D%3D&trackingId=NoIvJyrzcPvZipdT3tNXRQ%3D%3D&position=8&pageNum=1&trk=public_jobs_jserp-result_search-card,3800919967,OptiRisk India,https://www.linkedin.com/company/optirisk-india?trk=public_jobs_jserp-result_job-search-card-subtitle,"Chennai, Tamil Nadu, India","January 9, 2024",64,32
SDE - I [ Full-Stack ],https://in.linkedin.com/jobs/view/sde-i-full-stack-at-townscript-3727756685?refId=QSHn4LjPHfVngwplCARPfg%3D%3D&trackingId=ShADT%2B8FKpReXkshotgcPw%3D%3D&position=9&pageNum=1&trk=public_jobs_jserp-result_search-card,3727756685,Townscript,https://in.linkedin.com/company/townscript?trk=public_jobs_jserp-result_job-search-card-subtitle,"Pune, Maharashtra, India","September 8, 2023",1,1
Junior Software Engineer,https://in.linkedin.com/jobs/view/junior-software-engineer-at-ay-tech-3778202735?refId=QSHn4LjPHfVngwplCARPfg%3D%3D&trackingId=TTn7i8QrtpoOnBRiQciXmA%3D%3D&position=10&pageNum=1&trk=public_jobs_jserp-result_search-card,3778202735,AY Tech,https://in.linkedin.com/company/aytech-pathanamthitta?trk=public_jobs_jserp-result_job-search-card-subtitle,"Thiruvananthapuram, Kerala, India","November 9, 2023",3,2
Software Developer,https://in.linkedin.com/jobs/view/software-developer-at-leap-info-systems-pvt-ltd-3656597439?refId=QSHn4LjPHfVngwplCARPfg%3D%3D&trackingId=6%2BUSjXqKHJ0WlF0r%2FYt4QA%3D%3D&position=11&pageNum=1&trk=public_jobs_jserp-result_search-card,3656597439,Leap Info Systems Pvt. Ltd,https://in.linkedin.com/company/leap-info-systems-pvt--ltd?trk=public_jobs_jserp-result_job-search-card-subtitle,"Pune, Maharashtra, India","June 12, 2023",30,32
React JS Developer,https://in.linkedin.com/jobs/view/react-js-developer-at-grey-chain-3804749483?refId=QSHn4LjPHfVngwplCARPfg%3D%3D&trackingId=Ep5M68LU9x48xdJMVB1XXw%3D%3D&position=12&pageNum=1&trk=public_jobs_jserp-result_search-card,3804749483,Grey Chain,https://in.linkedin.com/company/grey-chain?trk=public_jobs_jserp-result_job-search-card-subtitle,"New Delhi, Delhi, India","January 12, 2024",4,1
Full Stack Developer | Remote,https://in.linkedin.com/jobs/view/full-stack-developer-remote-at-nao-medical-3804431670?refId=QSHn4LjPHfVngwplCARPfg%3D%3D&trackingId=kMGXRRCidyyVjb7isgiUFQ%3D%3D&position=13&pageNum=1&trk=public_jobs_jserp-result_search-card,3804431670,Nao Medical,https://www.linkedin.com/company/naomedical?trk=public_jobs_jserp-result_job-search-card-subtitle,Greater Delhi Area,"December 17, 2023",3,3
Frontend Developer,https://in.linkedin.com/jobs/view/frontend-developer-at-acme-services-3816933571?refId=QSHn4LjPHfVngwplCARPfg%3D%3D&trackingId=FQqaD1IOG5JWr2HMxZ5iCg%3D%3D&position=14&pageNum=1&trk=public_jobs_jserp-result_search-card,3816933571,Acme Services,https://in.linkedin.com/company/acmeservices?trk=public_jobs_jserp-result_job-search-card-subtitle,"Mumbai, Maharashtra, India","January 5, 2024",5,1
Front End Web Developer,https://in.linkedin.com/jobs/view/front-end-web-developer-at-lintel-technologies-pvt-ltd-3800932529?refId=QSHn4LjPHfVngwplCARPfg%3D%3D&trackingId=UIoAFU%2F%2FnNf1fzQp63e8Bg%3D%3D&position=15&pageNum=1&trk=public_jobs_jserp-result_search-card,3800932529,Lintel Technologies Pvt Ltd,https://in.linkedin.com/company/lintel-technologies-pvt-ltd?trk=public_jobs_jserp-result_job-search-card-subtitle,"Hyderabad, Telangana, India","January 9, 2024",2,1
Front end Developer,https://in.linkedin.com/jobs/view/front-end-developer-at-revinfotech-inc-3808842643?refId=QSHn4LjPHfVngwplCARPfg%3D%3D&trackingId=2eDMA6KcF5G6%2BMxF%2Fu2tyg%3D%3D&position=16&pageNum=1&trk=public_jobs_jserp-result_search-card,3808842643,RevInfotech Inc,https://www.linkedin.com/company/revinfotech?trk=public_jobs_jserp-result_job-search-card-subtitle,"Gurgaon, Haryana, India","January 19, 2024",5,1
Software Development Engineer,https://in.linkedin.com/jobs/view/software-development-engineer-at-buildnext-3675743252?refId=QSHn4LjPHfVngwplCARPfg%3D%3D&trackingId=bXnq%2BrKk8S51df7fkKGNug%3D%3D&position=17&pageNum=1&trk=public_jobs_jserp-result_search-card,3675743252,BuildNext,https://in.linkedin.com/company/buildnext-construction-solutions-pvt-ltd?trk=public_jobs_jserp-result_job-search-card-subtitle,"Ernakulam, Kerala, India","July 26, 2023",8,1
Junior Python Developer (Entry Level)-,https://in.linkedin.com/jobs/view/junior-python-developer-entry-level-at-expertxai-technologies-3821338625?refId=QSHn4LjPHfVngwplCARPfg%3D%3D&trackingId=Yopo6nhE5GsMnb7dsN%2Fdgg%3D%3D&position=18&pageNum=1&trk=public_jobs_jserp-result_search-card,3821338625,ExpertXai Technologies,https://in.linkedin.com/company/expertxpro-ai?trk=public_jobs_jserp-result_job-search-card-subtitle,India,"February 3, 2024",1,1
Full Stack Developer,https://in.linkedin.com/jobs/view/full-stack-developer-at-chromeinfotech-3800927401?refId=QSHn4LjPHfVngwplCARPfg%3D%3D&trackingId=Qwtxh3gFZoNowpfm5VfKTw%3D%3D&position=19&pageNum=1&trk=public_jobs_jserp-result_search-card,3800927401,ChromeInfotech,https://in.linkedin.com/company/chromeinfotech?trk=public_jobs_jserp-result_job-search-card-subtitle,"Gautam Buddha Nagar, Uttar Pradesh, India","January 9, 2024",6,1
Software Development Engineer 1,https://in.linkedin.com/jobs/view/software-development-engineer-1-at-gameberry-labs-3728447492?refId=QSHn4LjPHfVngwplCARPfg%3D%3D&trackingId=1BtdUdEdKe6UOm3sIFSHHA%3D%3D&position=20&pageNum=1&trk=public_jobs_jserp-result_search-card,3728447492,Gameberry Labs,https://in.linkedin.com/company/gameberry-labs?trk=public_jobs_jserp-result_job-search-card-subtitle,"Bengaluru, Karnataka, India","September 12, 2023",2,2
Software Engineer,https://in.linkedin.com/jobs/view/software-engineer-at-traveloka-3803766837?refId=QSHn4LjPHfVngwplCARPfg%3D%3D&trackingId=v7tPgg2%2BbAhtsD6LYUxiMw%3D%3D&position=21&pageNum=1&trk=public_jobs_jserp-result_search-card,3803766837,Traveloka,https://sg.linkedin.com/company/traveloka?trk=public_jobs_jserp-result_job-search-card-subtitle,Greater Coimbatore Area,"January 5, 2024",2,2
Frontend Developer,https://in.linkedin.com/jobs/view/frontend-developer-at-freecharge-3819962234?refId=QSHn4LjPHfVngwplCARPfg%3D%3D&trackingId=l8i1AigzARmFh4RiE%2BaGjQ%3D%3D&position=22&pageNum=1&trk=public_jobs_jserp-result_search-card,3819962234,Freecharge,https://in.linkedin.com/company/freecharge-in?trk=public_jobs_jserp-result_job-search-card-subtitle,"Mumbai, Maharashtra, India","February 7, 2024",18,3
Graduate Software Engineer,https://in.linkedin.com/jobs/view/graduate-software-engineer-at-imc-trading-3816298171?refId=QSHn4LjPHfVngwplCARPfg%3D%3D&trackingId=FmEOpkKZjk%2FYJHUTfay%2BEg%3D%3D&position=23&pageNum=1&trk=public_jobs_jserp-result_search-card,3816298171,IMC Trading,https://nl.linkedin.com/company/imc-financial-markets?trk=public_jobs_jserp-result_job-search-card-subtitle,"Mumbai, Maharashtra, India","January 27, 2024",2,1
Software Engineer I,https://in.linkedin.com/jobs/view/software-engineer-i-at-gilbarco-veeder-root-3819572356?refId=3tLP1Tm0%2FzokFWlZS8cgrA%3D%3D&trackingId=NYMmaZcWWqrUCN2zVqUjAA%3D%3D&position=1&pageNum=3&trk=public_jobs_jserp-result_search-card,3819572356,Gilbarco Veeder-Root,https://www.linkedin.com/company/gilbarco-veeder-root?trk=public_jobs_jserp-result_job-search-card-subtitle,"Mumbai, Maharashtra, India","February 1, 2024",1,1
Software Developer,https://in.linkedin.com/jobs/view/software-developer-at-ipseity-group-3800927342?refId=3tLP1Tm0%2FzokFWlZS8cgrA%3D%3D&trackingId=GtlYkslzdajw92FUSBdUaQ%3D%3D&position=2&pageNum=3&trk=public_jobs_jserp-result_search-card,3800927342,Ipseity Group,https://www.linkedin.com/company/ipseity-group?trk=public_jobs_jserp-result_job-search-card-subtitle,"Bhopal, Madhya Pradesh, India","January 9, 2024",1,1
Software Development Engineer 1 (Frontend),https://in.linkedin.com/jobs/view/software-development-engineer-1-frontend-at-thena-3745166950?refId=3tLP1Tm0%2FzokFWlZS8cgrA%3D%3D&trackingId=C6pHC42RegfLFItTx6upuA%3D%3D&position=3&pageNum=3&trk=public_jobs_jserp-result_search-card,3745166950,Thena,https://www.linkedin.com/company/thena-platform?trk=public_jobs_jserp-result_job-search-card-subtitle,"Bengaluru, Karnataka, India","October 23, 2023",13,4
Full Stack Developer,https://in.linkedin.com/jobs/view/full-stack-developer-at-codeprism-technologies-pvt-ltd-3804300261?refId=3tLP1Tm0%2FzokFWlZS8cgrA%3D%3D&trackingId=oecff4%2FBI%2BBVY8%2FEdBoclA%3D%3D&position=4&pageNum=3&trk=public_jobs_jserp-result_search-card,3804300261,CODEPRISM TECHNOLOGIES PVT. LTD.,https://in.linkedin.com/company/codeprism?trk=public_jobs_jserp-result_job-search-card-subtitle,"Hyderabad, Telangana, India","January 12, 2024",38,71
React Developer,https://in.linkedin.com/jobs/view/react-developer-at-scrumlin-3819957603?refId=3tLP1Tm0%2FzokFWlZS8cgrA%3D%3D&trackingId=WE%2B%2B31FiN87R7%2Fr73X1K3A%3D%3D&position=5&pageNum=3&trk=public_jobs_jserp-result_search-card,3819957603,Scrumlin,https://in.linkedin.com/company/scrumlin?trk=public_jobs_jserp-result_job-search-card-subtitle,"Bhubaneshwar, Odisha, India","February 7, 2024",11,7
Python Developer Trainee/Intern,https://in.linkedin.com/jobs/view/python-developer-trainee-intern-at-razormet-technologies-3816488930?refId=3tLP1Tm0%2FzokFWlZS8cgrA%3D%3D&trackingId=TxMDIocRR28JE%2FH96ojXOQ%3D%3D&position=6&pageNum=3&trk=public_jobs_jserp-result_search-card,3816488930,Razormet Technologies,https://in.linkedin.com/company/razormet?trk=public_jobs_jserp-result_job-search-card-subtitle,"Hubli, Karnataka, India","January 24, 2024",18,20
SDE 1,https://in.linkedin.com/jobs/view/sde-1-at-nymble-3785003449?refId=3tLP1Tm0%2FzokFWlZS8cgrA%3D%3D&trackingId=JuM5L5RGXirO3mwsQsL1Kg%3D%3D&position=7&pageNum=3&trk=public_jobs_jserp-result_search-card,3785003449,Nymble,https://in.linkedin.com/company/eatwithnymble?trk=public_jobs_jserp-result_job-search-card-subtitle,"Bengaluru, Karnataka, India","December 20, 2023",72,55
Software Development Engineer,https://in.linkedin.com/jobs/view/software-development-engineer-at-bharatx-3784664217?refId=3tLP1Tm0%2FzokFWlZS8cgrA%3D%3D&trackingId=TBXWM0P8LNXs0FRyj8J5AA%3D%3D&position=8&pageNum=3&trk=public_jobs_jserp-result_search-card,3784664217,BharatX,https://in.linkedin.com/company/bharatx?trk=public_jobs_jserp-result_job-search-card-subtitle,"Bengaluru, Karnataka, India","December 12, 2023",3,1
Frontend Developer (All levels),https://in.linkedin.com/jobs/view/frontend-developer-all-levels-at-outscal-3821024987?refId=3tLP1Tm0%2FzokFWlZS8cgrA%3D%3D&trackingId=VyJSH9yUTgPpVSvs1Ydr3Q%3D%3D&position=9&pageNum=3&trk=public_jobs_jserp-result_search-card,3821024987,Outscal,https://www.linkedin.com/company/outscal?trk=public_jobs_jserp-result_job-search-card-subtitle,India,"February 8, 2024",3,3
Web Developer,https://in.linkedin.com/jobs/view/web-developer-at-siri-innovations-3800922886?refId=3tLP1Tm0%2FzokFWlZS8cgrA%3D%3D&trackingId=vvHZOSpGHtA45G8hbBaidQ%3D%3D&position=10&pageNum=3&trk=public_jobs_jserp-result_search-card,3800922886,Siri Innovations,https://www.linkedin.com/company/siri-innovations-pvt-ltd-?trk=public_jobs_jserp-result_job-search-card-subtitle,"Hyderabad, Telangana, India","January 9, 2024",114,41
Full - Stack Developer,https://in.linkedin.com/jobs/view/full-stack-developer-at-fathershops-3819403864?refId=3tLP1Tm0%2FzokFWlZS8cgrA%3D%3D&trackingId=5tAUKR2e%2Fyn%2F9ldvW9h1tQ%3D%3D&position=11&pageNum=3&trk=public_jobs_jserp-result_search-card,3819403864,Fathershops,https://ae.linkedin.com/company/fathershops?trk=public_jobs_jserp-result_job-search-card-subtitle,"Dehradun, Uttarakhand, India","February 6, 2024",5,1
Front-end Developer,https://in.linkedin.com/jobs/view/front-end-developer-at-hybr1d-3805424409?refId=3tLP1Tm0%2FzokFWlZS8cgrA%3D%3D&trackingId=abcZJrQ2G8Ctz923X322zQ%3D%3D&position=12&pageNum=3&trk=public_jobs_jserp-result_search-card,3805424409,Hybr1d,https://sg.linkedin.com/company/usehybr1d?trk=public_jobs_jserp-result_job-search-card-subtitle,India,"January 15, 2024",16,3
Jr. Software Developer,https://in.linkedin.com/jobs/view/jr-software-developer-at-samskriti-business-solutions-3800941055?refId=3tLP1Tm0%2FzokFWlZS8cgrA%3D%3D&trackingId=HYeHAoPUr3n93Y1FaaOKhg%3D%3D&position=13&pageNum=3&trk=public_jobs_jserp-result_search-card,3800941055,Samskriti Business Solutions,https://in.linkedin.com/company/samskriti-business-solutions?trk=public_jobs_jserp-result_job-search-card-subtitle,"Hyderabad, Telangana, India","January 9, 2024",1,1
Web Developer (UI),https://in.linkedin.com/jobs/view/web-developer-ui-at-izmo-ltd-3731279902?refId=3tLP1Tm0%2FzokFWlZS8cgrA%3D%3D&trackingId=oSTFTWGmZ0GFWqcnWOvI8A%3D%3D&position=14&pageNum=3&trk=public_jobs_jserp-result_search-card,3731279902,izmo ltd,https://in.linkedin.com/company/izmo-ltd?trk=public_jobs_jserp-result_job-search-card-subtitle,"Bengaluru, Karnataka, India","September 8, 2023",21,1
Frontend Developer (All levels),https://in.linkedin.com/jobs/view/frontend-developer-all-levels-at-outscal-3821029219?refId=3tLP1Tm0%2FzokFWlZS8cgrA%3D%3D&trackingId=E35o07OvAM5HttJ8c2zgbA%3D%3D&position=15&pageNum=3&trk=public_jobs_jserp-result_search-card,3821029219,Outscal,https://www.linkedin.com/company/outscal?trk=public_jobs_jserp-result_job-search-card-subtitle,India,"February 8, 2024",5,1
Jr. Web Developer,https://in.linkedin.com/jobs/view/jr-web-developer-at-communication-crafts-3800936624?refId=3tLP1Tm0%2FzokFWlZS8cgrA%3D%3D&trackingId=MfwlzIR3md3Pkw8xy4Zl%2Bw%3D%3D&position=16&pageNum=3&trk=public_jobs_jserp-result_search-card,3800936624,Communication Crafts,https://in.linkedin.com/company/communicationcrafts.com?trk=public_jobs_jserp-result_job-search-card-subtitle,"Ahmedabad, Gujarat, India","January 9, 2024",1,3
Software Engineer | Node.Js,https://in.linkedin.com/jobs/view/software-engineer-node-js-at-gupshup-3448582787?refId=3tLP1Tm0%2FzokFWlZS8cgrA%3D%3D&trackingId=HBshbwiQZA4bldA5IQfjxA%3D%3D&position=17&pageNum=3&trk=public_jobs_jserp-result_search-card,3448582787,Gupshup,https://www.linkedin.com/company/gupshup?trk=public_jobs_jserp-result_job-search-card-subtitle,Mumbai Metropolitan Region,"December 28, 2022",28,12
Java Developer,https://in.linkedin.com/jobs/view/java-developer-at-gvr-business-transforms-3817749770?refId=3tLP1Tm0%2FzokFWlZS8cgrA%3D%3D&trackingId=lH%2B4iSWh2SrL4ZUGiqMHxQ%3D%3D&position=18&pageNum=3&trk=public_jobs_jserp-result_search-card,3817749770,GVR BUSINESS TRANSFORMS,https://in.linkedin.com/company/gvr-business-transforms?trk=public_jobs_jserp-result_job-search-card-subtitle,"Kochi, Kerala, India","January 30, 2024",43,4
React Developer,https://in.linkedin.com/jobs/view/react-developer-at-fusion-plus-solutions-inc-3818379223?refId=3tLP1Tm0%2FzokFWlZS8cgrA%3D%3D&trackingId=l4YTsqw3NI7S%2Brv%2BOofBLw%3D%3D&position=19&pageNum=3&trk=public_jobs_jserp-result_search-card,3818379223,Fusion Plus Solutions Inc,https://www.linkedin.com/company/fusion-plus-solutions-inc?trk=public_jobs_jserp-result_job-search-card-subtitle,"Hyderabad, Telangana, India","February 5, 2024",1,1
Software Engineer - Intern,https://in.linkedin.com/jobs/view/software-engineer-intern-at-hypersonix-inc-3810263778?refId=3tLP1Tm0%2FzokFWlZS8cgrA%3D%3D&trackingId=a2w1fTMcvpHg0lUWQJlQ%2FA%3D%3D&position=20&pageNum=3&trk=public_jobs_jserp-result_search-card,3810263778,Hypersonix Inc.,https://www.linkedin.com/company/hypersonix-ai?trk=public_jobs_jserp-result_job-search-card-subtitle,"Bengaluru, Karnataka, India","January 19, 2024",115,59
Software Engineer,https://in.linkedin.com/jobs/view/software-engineer-at-hashroot-limited-3800933045?refId=3tLP1Tm0%2FzokFWlZS8cgrA%3D%3D&trackingId=FkajZXZ4%2FVHl5ZXeV4Bwjw%3D%3D&position=21&pageNum=3&trk=public_jobs_jserp-result_search-card,3800933045,HashRoot Limited,https://uk.linkedin.com/company/hashroot?trk=public_jobs_jserp-result_job-search-card-subtitle,"Kochi, Kerala, India","January 9, 2024",1,1
Software Developer / Web Developer,https://in.linkedin.com/jobs/view/software-developer-web-developer-at-sabhi-digital-3800922034?refId=3tLP1Tm0%2FzokFWlZS8cgrA%3D%3D&trackingId=LckZwrAMYKOOUVnsqhJDog%3D%3D&position=22&pageNum=3&trk=public_jobs_jserp-result_search-card,3800922034,Sabhi Digital,https://in.linkedin.com/company/sabhidigitaljodhpur?trk=public_jobs_jserp-result_job-search-card-subtitle,"Jodhpur, Rajasthan, India","January 9, 2024",47,12
Software Developer,https://in.linkedin.com/jobs/view/software-developer-at-dashloc-3688194518?refId=3tLP1Tm0%2FzokFWlZS8cgrA%3D%3D&trackingId=spgtzo%2FKo2jq%2FA2LtIjXTw%3D%3D&position=23&pageNum=3&trk=public_jobs_jserp-result_search-card,3688194518,DashLoc,https://in.linkedin.com/company/dashloc?trk=public_jobs_jserp-result_job-search-card-subtitle,"Bengaluru, Karnataka, India","August 15, 2023",2,1
HTML Developer,https://in.linkedin.com/jobs/view/html-developer-at-connecting-2-work-3800931372?refId=3tLP1Tm0%2FzokFWlZS8cgrA%3D%3D&trackingId=wreDpuZjqNYeqXurcjKYmA%3D%3D&position=24&pageNum=3&trk=public_jobs_jserp-result_search-card,3800931372,CONNECTING 2 WORK,https://in.linkedin.com/company/connecting2work?trk=public_jobs_jserp-result_job-search-card-subtitle,"Cannanore, Kerala, India","January 9, 2024",8,2
Front-end Developer,https://in.linkedin.com/jobs/view/front-end-developer-at-nextgen-technologies-3825449024?refId=3tLP1Tm0%2FzokFWlZS8cgrA%3D%3D&trackingId=qGy%2F5CBeCv7%2FwVXOBOng3g%3D%3D&position=25&pageNum=3&trk=public_jobs_jserp-result_search-card,3825449024,NextGen Technologies,https://in.linkedin.com/company/nextgen-technologies1?trk=public_jobs_jserp-result_job-search-card-subtitle,"Bengaluru, Karnataka, India","February 8, 2024",71,6
Software Engineer,https://in.linkedin.com/jobs/view/software-engineer-at-hashroot-limited-3800933045?refId=YK4DsF%2FUhUm7yVVpKHYvkw%3D%3D&trackingId=EoM%2B%2BwuLpH3cKdXky3llxw%3D%3D&position=1&pageNum=6&trk=public_jobs_jserp-result_search-card,3800933045,HashRoot Limited,https://uk.linkedin.com/company/hashroot?trk=public_jobs_jserp-result_job-search-card-subtitle,"Kochi, Kerala, India","January 9, 2024",586,133
Software Developer - Frontend,https://in.linkedin.com/jobs/view/software-developer-frontend-at-mintifi-3656599268?refId=YK4DsF%2FUhUm7yVVpKHYvkw%3D%3D&trackingId=RRBxH4HoCYI5%2FQA21FTsuQ%3D%3D&position=2&pageNum=6&trk=public_jobs_jserp-result_search-card,3656599268,Mintifi,https://in.linkedin.com/company/mintifi?trk=public_jobs_jserp-result_job-search-card-subtitle,"Mumbai, Maharashtra, India","June 12, 2023",60,54
Web Developer,https://in.linkedin.com/jobs/view/web-developer-at-decorlane-3656594980?refId=YK4DsF%2FUhUm7yVVpKHYvkw%3D%3D&trackingId=IC3DT64vx%2BkMSt%2BJF%2BJSXQ%3D%3D&position=3&pageNum=6&trk=public_jobs_jserp-result_search-card,3656594980,Decorlane,https://www.linkedin.com/company/decorlane?trk=public_jobs_jserp-result_job-search-card-subtitle,"Bengaluru North, Karnataka, India","June 12, 2023",2,2
Software Developer,https://in.linkedin.com/jobs/view/software-developer-at-aeris-iot-saas-3787750278?refId=YK4DsF%2FUhUm7yVVpKHYvkw%3D%3D&trackingId=x5CsB6CarMFJ1Ccwi6yBVw%3D%3D&position=4&pageNum=6&trk=public_jobs_jserp-result_search-card,3787750278,Aeris IoT SaaS,https://www.linkedin.com/company/aeris-communications?trk=public_jobs_jserp-result_job-search-card-subtitle,"Noida, Uttar Pradesh, India","December 16, 2023",49,11
Junior Software Develope,https://in.linkedin.com/jobs/view/junior-software-develope-at-acme-services-3816940339?refId=YK4DsF%2FUhUm7yVVpKHYvkw%3D%3D&trackingId=%2FeN2b5kQhwHD0hx2YJ88Zw%3D%3D&position=5&pageNum=6&trk=public_jobs_jserp-result_search-card,3816940339,Acme Services,https://in.linkedin.com/company/acmeservices?trk=public_jobs_jserp-result_job-search-card-subtitle,"Mumbai, Maharashtra, India","January 5, 2024",149,94
Software Engineer I,https://in.linkedin.com/jobs/view/software-engineer-i-at-gilbarco-veeder-root-3819572356?refId=YK4DsF%2FUhUm7yVVpKHYvkw%3D%3D&trackingId=oR1LHsNodwmyQzMUY0nTxw%3D%3D&position=6&pageNum=6&trk=public_jobs_jserp-result_search-card,3819572356,Gilbarco Veeder-Root,https://www.linkedin.com/company/gilbarco-veeder-root?trk=public_jobs_jserp-result_job-search-card-subtitle,"Mumbai, Maharashtra, India","February 1, 2024",17,1
Software Engineer (ReactJS),https://in.linkedin.com/jobs/view/software-engineer-reactjs-at-logitech-3830502445?refId=YK4DsF%2FUhUm7yVVpKHYvkw%3D%3D&trackingId=9B4GLxTaPM8luuL%2BI8H1mg%3D%3D&position=7&pageNum=6&trk=public_jobs_jserp-result_search-card,3830502445,Logitech,https://www.linkedin.com/company/logitech?trk=public_jobs_jserp-result_job-search-card-subtitle,Greater Chennai Area,"February 14, 2024",3,1
Front End Developer,https://in.linkedin.com/jobs/view/front-end-developer-at-parakh-online-pvt-ltd-3811639022?refId=YK4DsF%2FUhUm7yVVpKHYvkw%3D%3D&trackingId=AG8D0tPPOFISlAwsSt7O8w%3D%3D&position=8&pageNum=6&trk=public_jobs_jserp-result_search-card,3811639022,Parakh Online Pvt. Ltd.,https://in.linkedin.com/company/parakh-online?trk=public_jobs_jserp-result_job-search-card-subtitle,"Delhi, Delhi, India","January 22, 2024",8,3
Software Developer,https://in.linkedin.com/jobs/view/software-developer-at-teknospire-3800920343?refId=YK4DsF%2FUhUm7yVVpKHYvkw%3D%3D&trackingId=Fw299u3NUP5dHHc%2FArsBdA%3D%3D&position=9&pageNum=6&trk=public_jobs_jserp-result_search-card,3800920343,Teknospire,https://in.linkedin.com/company/teknospire?trk=public_jobs_jserp-result_job-search-card-subtitle,"Bengaluru, Karnataka, India","January 9, 2024",4,3
Python Software Engineer (AI),https://in.linkedin.com/jobs/view/python-software-engineer-ai-at-procter-gamble-3810334323?refId=YK4DsF%2FUhUm7yVVpKHYvkw%3D%3D&trackingId=TFw4vnTnVLiRXZIWxBIy%2Bw%3D%3D&position=10&pageNum=6&trk=public_jobs_jserp-result_search-card,3810334323,Procter & Gamble,https://www.linkedin.com/company/procter-and-gamble?trk=public_jobs_jserp-result_job-search-card-subtitle,"Mumbai, Maharashtra, India","February 10, 2024",33,12
Python Developer Intern/Trainee,https://in.linkedin.com/jobs/view/python-developer-intern-trainee-at-prevetech-solutions-3831056000?refId=YK4DsF%2FUhUm7yVVpKHYvkw%3D%3D&trackingId=W4fBRCxaI5m40ZWoMpE7EA%3D%3D&position=11&pageNum=6&trk=public_jobs_jserp-result_search-card,3831056000,Prevetech Solutions,https://in.linkedin.com/company/prevetech-solutions?trk=public_jobs_jserp-result_job-search-card-subtitle,India,"February 15, 2024",12,6
Full Stack Engineer Intern,https://in.linkedin.com/jobs/view/full-stack-engineer-intern-at-pyjamahr-3828933031?refId=YK4DsF%2FUhUm7yVVpKHYvkw%3D%3D&trackingId=HkRk5dYrptc6%2FRAm%2BkPdkg%3D%3D&position=12&pageNum=6&trk=public_jobs_jserp-result_search-card,3828933031,PyjamaHR,https://in.linkedin.com/company/pyjamahr?trk=public_jobs_jserp-result_job-search-card-subtitle,"Bengaluru, Karnataka, India","February 12, 2024",27,29
Software Engineer,https://in.linkedin.com/jobs/view/software-engineer-at-logitech-3825741902?refId=YK4DsF%2FUhUm7yVVpKHYvkw%3D%3D&trackingId=LwAkNV4%2B1oKck%2FPZtrPG9Q%3D%3D&position=13&pageNum=6&trk=public_jobs_jserp-result_search-card,3825741902,Logitech,https://www.linkedin.com/company/logitech?trk=public_jobs_jserp-result_job-search-card-subtitle,Greater Chennai Area,"February 8, 2024",11,1
Frontend Developer,https://in.linkedin.com/jobs/view/frontend-developer-at-syndr-3826745174?refId=YK4DsF%2FUhUm7yVVpKHYvkw%3D%3D&trackingId=h956vmjr%2FrNbJcVSuBTVGQ%3D%3D&position=14&pageNum=6&trk=public_jobs_jserp-result_search-card,3826745174,Syndr,https://sg.linkedin.com/company/syndr?trk=public_jobs_jserp-result_job-search-card-subtitle,"Delhi, Delhi, India","February 14, 2024",1,1
Full Stack Developer | Remote,https://in.linkedin.com/jobs/view/full-stack-developer-remote-at-nao-medical-3804431670?refId=YK4DsF%2FUhUm7yVVpKHYvkw%3D%3D&trackingId=sujiISFkduERXlgjh28Z%2BA%3D%3D&position=15&pageNum=6&trk=public_jobs_jserp-result_search-card,3804431670,Nao Medical,https://www.linkedin.com/company/naomedical?trk=public_jobs_jserp-result_job-search-card-subtitle,Greater Delhi Area,"December 17, 2023",8,4
"Software Engineer, Full Stack",https://in.linkedin.com/jobs/view/software-engineer-full-stack-at-doordash-3755856371?refId=YK4DsF%2FUhUm7yVVpKHYvkw%3D%3D&trackingId=b5iF6fVct46CkFerPDDI4g%3D%3D&position=16&pageNum=6&trk=public_jobs_jserp-result_search-card,3755856371,DoorDash,https://www.linkedin.com/company/doordash?trk=public_jobs_jserp-result_job-search-card-subtitle,"Pune, Maharashtra, India","January 31, 2024",6,2
HTML Developer,https://in.linkedin.com/jobs/view/html-developer-at-weaddo-3815119473?refId=YK4DsF%2FUhUm7yVVpKHYvkw%3D%3D&trackingId=cLtQJiNx%2F7Egql%2Fz4J4C2g%3D%3D&position=17&pageNum=6&trk=public_jobs_jserp-result_search-card,3815119473,WeAddo,https://in.linkedin.com/company/weaddo?trk=public_jobs_jserp-result_job-search-card-subtitle,"Haryana, India","January 25, 2024",3,1
Software Developer,https://in.linkedin.com/jobs/view/software-developer-at-cyberswift-3821171947?refId=YK4DsF%2FUhUm7yVVpKHYvkw%3D%3D&trackingId=M1FnyOYCBVIUEUNgy1lUQQ%3D%3D&position=18&pageNum=6&trk=public_jobs_jserp-result_search-card,3821171947,CyberSWIFT,https://www.linkedin.com/company/cyber-swift?trk=public_jobs_jserp-result_job-search-card-subtitle,Greater Kolkata Area,"February 9, 2024",4,1
Frontend Developer - Web/mobile,https://in.linkedin.com/jobs/view/frontend-developer-web-mobile-at-dotball-interactive-private-limited-3627627260?refId=YK4DsF%2FUhUm7yVVpKHYvkw%3D%3D&trackingId=yDIyGF9Fpq%2FcnoHPN1EEmA%3D%3D&position=19&pageNum=6&trk=public_jobs_jserp-result_search-card,3627627260,Dotball Interactive Private Limited,https://in.linkedin.com/company/dotball-interactive?trk=public_jobs_jserp-result_job-search-card-subtitle,"Bengaluru North, Karnataka, India","June 6, 2023",52,83
Trainee Software Test Engineer- Fresher,https://in.linkedin.com/jobs/view/trainee-software-test-engineer-fresher-at-kiwiqa-services-3830529768?refId=YK4DsF%2FUhUm7yVVpKHYvkw%3D%3D&trackingId=xtQl6tnRwgTNYl%2Fl9aIeUA%3D%3D&position=20&pageNum=6&trk=public_jobs_jserp-result_search-card,3830529768,KiwiQA Services,https://au.linkedin.com/company/kiwiqa-services?trk=public_jobs_jserp-result_job-search-card-subtitle,"Ahmedabad, Gujarat, India","February 14, 2024",3,4
Web Developer,https://in.linkedin.com/jobs/view/web-developer-at-siri-innovations-3800922886?refId=YK4DsF%2FUhUm7yVVpKHYvkw%3D%3D&trackingId=sdTUZWiwCZ9SAirT3iArIg%3D%3D&position=21&pageNum=6&trk=public_jobs_jserp-result_search-card,3800922886,Siri Innovations,https://www.linkedin.com/company/siri-innovations-pvt-ltd-?trk=public_jobs_jserp-result_job-search-card-subtitle,"Hyderabad, Telangana, India","January 9, 2024",2,1
Python Developer,https://in.linkedin.com/jobs/view/python-developer-at-sa-technologies-inc-3822296086?refId=YK4DsF%2FUhUm7yVVpKHYvkw%3D%3D&trackingId=CWqMG%2FrczjGqA7RPhsnH3Q%3D%3D&position=22&pageNum=6&trk=public_jobs_jserp-result_search-card,3822296086,SA Technologies Inc.,https://www.linkedin.com/company/sa-technologies-inc?trk=public_jobs_jserp-result_job-search-card-subtitle,"Pune, Maharashtra, India","February 5, 2024",2,1
Software Development Engineer II - Frontend Technologies,https://in.linkedin.com/jobs/view/software-development-engineer-ii-frontend-technologies-at-bookmyshow-3792367239?refId=YK4DsF%2FUhUm7yVVpKHYvkw%3D%3D&trackingId=rf%2BHxqN7DKI%2FJx9xuZQMnA%3D%3D&position=23&pageNum=6&trk=public_jobs_jserp-result_search-card,3792367239,BookMyShow,https://www.linkedin.com/company/bookmyshow?trk=public_jobs_jserp-result_job-search-card-subtitle,"Mumbai, Maharashtra, India","December 2, 2023",1,1
Back End Developer,https://in.linkedin.com/jobs/view/back-end-developer-at-unacademy-3826744244?refId=YK4DsF%2FUhUm7yVVpKHYvkw%3D%3D&trackingId=RgT4aHVmYQZeSiVCIfVw5w%3D%3D&position=24&pageNum=6&trk=public_jobs_jserp-result_search-card,3826744244,Unacademy,https://in.linkedin.com/company/unacademy?trk=public_jobs_jserp-result_job-search-card-subtitle,"Bengaluru, Karnataka, India","February 14, 2024",3,2
Software Developer,https://in.linkedin.com/jobs/view/software-developer-at-sysinfotools-software-3627624308?refId=YK4DsF%2FUhUm7yVVpKHYvkw%3D%3D&trackingId=1Nsamrk6RnMQCWRtY5G%2FRQ%3D%3D&position=25&pageNum=6&trk=public_jobs_jserp-result_search-card,3627624308,SysInfoTools Software,https://in.linkedin.com/company/sysinfotools?trk=public_jobs_jserp-result_job-search-card-subtitle,"Delhi, India","June 6, 2023",4,3
Python Developer Trainee (2023-24 Batch)-,https://in.linkedin.com/jobs/view/python-developer-trainee-2023-24-batch-at-prevetech-solutions-3824540804?refId=hGSeWCbORcDFpYYYOhLhdg%3D%3D&trackingId=ArMC%2B8LPbODt8L0wnzPJBQ%3D%3D&position=1&pageNum=8&trk=public_jobs_jserp-result_search-card,3824540804,Prevetech Solutions,https://in.linkedin.com/company/prevetech-solutions?trk=public_jobs_jserp-result_job-search-card-subtitle,"Idukki, Kerala, India","January 17, 2024",1,1
Python Developer Trainee (2023-24 Batch)-,https://in.linkedin.com/jobs/view/python-developer-trainee-2023-24-batch-at-prevetech-solutions-3824539800?refId=hGSeWCbORcDFpYYYOhLhdg%3D%3D&trackingId=plTGBjzR1lKZ59GVTT5oGQ%3D%3D&position=2&pageNum=8&trk=public_jobs_jserp-result_search-card,3824539800,Prevetech Solutions,https://in.linkedin.com/company/prevetech-solutions?trk=public_jobs_jserp-result_job-search-card-subtitle,"Kollam, Kerala, India","January 17, 2024",2,1
Frontend Developer,https://in.linkedin.com/jobs/view/frontend-developer-at-skynet-technologies-usa-llc-3814267225?refId=hGSeWCbORcDFpYYYOhLhdg%3D%3D&trackingId=LyE5H8Z5MXLy%2FZaG1EzIVQ%3D%3D&position=3&pageNum=8&trk=public_jobs_jserp-result_search-card,3814267225,Skynet Technologies USA LLC,https://www.linkedin.com/company/skynet-technologies-usa-llc?trk=public_jobs_jserp-result_job-search-card-subtitle,"Jamnagar, Gujarat, India","January 31, 2024",4,6
Software Developer,https://in.linkedin.com/jobs/view/software-developer-at-pipecare-group-3736021263?refId=hGSeWCbORcDFpYYYOhLhdg%3D%3D&trackingId=cUkbQfYlFT3cHle3KN4wPg%3D%3D&position=4&pageNum=8&trk=public_jobs_jserp-result_search-card,3736021263,PIPECARE Group,https://ch.linkedin.com/company/pipecaregroup?trk=public_jobs_jserp-result_job-search-card-subtitle,"Delhi, India","October 11, 2023",2,1
Software Developer,https://in.linkedin.com/jobs/view/software-developer-at-dubai-jobs-gulf-jobs-jobs-in-dubai-qatar-kuwait-boyen-haddin-the-giant-hr-consultant-3736005474?refId=hGSeWCbORcDFpYYYOhLhdg%3D%3D&trackingId=nxo26VcNW2xzd9ubkC5%2B%2BA%3D%3D&position=5&pageNum=8&trk=public_jobs_jserp-result_search-card,3736005474,"Dubai Jobs, Gulf Jobs, Jobs in Dubai, Qatar, Kuwait - Boyen Haddin & The Giant HR Consultant",https://in.linkedin.com/company/boyenhaddin?trk=public_jobs_jserp-result_job-search-card-subtitle,Pune/Pimpri-Chinchwad Area,"October 11, 2023",13,1
Software Developer,https://in.linkedin.com/jobs/view/software-developer-at-investcloud-financial-supermarket%E2%84%A2-formerly-tegra118-3770625712?refId=hGSeWCbORcDFpYYYOhLhdg%3D%3D&trackingId=cri32IQogFZ1wEnWtNgXJw%3D%3D&position=6&pageNum=8&trk=public_jobs_jserp-result_search-card,3770625712,InvestCloud Financial Supermarket (formerly Tegra118),https://www.linkedin.com/company/tegra118?trk=public_jobs_jserp-result_job-search-card-subtitle,"Karnataka, India","November 20, 2023",255,136
Software Developer,https://in.linkedin.com/jobs/view/software-developer-at-fulcrum-biometrics-inc-3627619905?refId=hGSeWCbORcDFpYYYOhLhdg%3D%3D&trackingId=ubIQ1eHWXjRIY7FFU1xEKg%3D%3D&position=7&pageNum=8&trk=public_jobs_jserp-result_search-card,3627619905,"Fulcrum Biometrics, Inc.",https://www.linkedin.com/company/fulcrum-biometrics?trk=public_jobs_jserp-result_job-search-card-subtitle,"Delhi, India","June 6, 2023",115,64
Frontend Developer,https://in.linkedin.com/jobs/view/frontend-developer-at-ust-3823666788?refId=hGSeWCbORcDFpYYYOhLhdg%3D%3D&trackingId=bDdGupiRgirj9EJ0ov%2FKbA%3D%3D&position=8&pageNum=8&trk=public_jobs_jserp-result_search-card,3823666788,UST,https://www.linkedin.com/company/ustglobal?trk=public_jobs_jserp-result_job-search-card-subtitle,"Bengaluru, Karnataka, India","February 1, 2024",6,1
Software Developer,https://in.linkedin.com/jobs/view/software-developer-at-investcloud-financial-supermarket%E2%84%A2-formerly-tegra118-3770626423?refId=hGSeWCbORcDFpYYYOhLhdg%3D%3D&trackingId=ZqqwSXT%2B2UQT8wdWs7Zc1Q%3D%3D&position=9&pageNum=8&trk=public_jobs_jserp-result_search-card,3770626423,InvestCloud Financial Supermarket (formerly Tegra118),https://www.linkedin.com/company/tegra118?trk=public_jobs_jserp-result_job-search-card-subtitle,"Karnataka, India","November 20, 2023",2,22
Web Developer,https://in.linkedin.com/jobs/view/web-developer-at-infochord-technologies-pvt-ltd-3800929080?refId=hGSeWCbORcDFpYYYOhLhdg%3D%3D&trackingId=Hlu4dJUMQQ8jxCvHL%2FHKEg%3D%3D&position=10&pageNum=8&trk=public_jobs_jserp-result_search-card,3800929080,Infochord Technologies Pvt. Ltd.,https://in.linkedin.com/company/infochord?trk=public_jobs_jserp-result_job-search-card-subtitle,"Hyderabad, Telangana, India","January 9, 2024",4,1
Software Developer,https://in.linkedin.com/jobs/view/software-developer-at-ipseity-group-3800927342?refId=hGSeWCbORcDFpYYYOhLhdg%3D%3D&trackingId=P62mAeLGFbpOnySjg%2Fi%2BEw%3D%3D&position=11&pageNum=8&trk=public_jobs_jserp-result_search-card,3800927342,Ipseity Group,https://www.linkedin.com/company/ipseity-group?trk=public_jobs_jserp-result_job-search-card-subtitle,"Bhopal, Madhya Pradesh, India","January 9, 2024",6,2
"Software Engineer - Java , Springboot",https://in.linkedin.com/jobs/view/software-engineer-java-springboot-at-nec-software-solutions-india-3800926002?refId=hGSeWCbORcDFpYYYOhLhdg%3D%3D&trackingId=TYqnynYY%2FzeKDr%2B7leSUbQ%3D%3D&position=12&pageNum=8&trk=public_jobs_jserp-result_search-card,3800926002,NEC Software Solutions (India),https://in.linkedin.com/company/necsws-india?trk=public_jobs_jserp-result_job-search-card-subtitle,"Mumbai, Maharashtra, India","January 9, 2024",55,15
React JS Developer,https://in.linkedin.com/jobs/view/react-js-developer-at-red-apple-technologies-pvt-ltd-3800929355?refId=hGSeWCbORcDFpYYYOhLhdg%3D%3D&trackingId=p53qFjnrBpwtYemX8i7jPg%3D%3D&position=13&pageNum=8&trk=public_jobs_jserp-result_search-card,3800929355,Red Apple Technologies Pvt. Ltd.,https://in.linkedin.com/company/red-apple-technologies-game-app-development-company?trk=public_jobs_jserp-result_job-search-card-subtitle,"Kolkata, West Bengal, India","January 9, 2024",180,169
Upstox - Software Development Engineer - II (Backend),https://in.linkedin.com/jobs/view/upstox-software-development-engineer-ii-backend-at-upstox-3826557085?refId=hGSeWCbORcDFpYYYOhLhdg%3D%3D&trackingId=OkV3bHJunBdNGn3RQagJYQ%3D%3D&position=14&pageNum=8&trk=public_jobs_jserp-result_search-card,3826557085,Upstox,https://in.linkedin.com/company/upstox?trk=public_jobs_jserp-result_job-search-card-subtitle,"Mumbai, Maharashtra, India","February 10, 2024",27,5
Web Developer,https://in.linkedin.com/jobs/view/web-developer-at-tamcherry-zaportiv-3775362305?refId=hGSeWCbORcDFpYYYOhLhdg%3D%3D&trackingId=oEEb6Er5S1HKec5uFZZ%2FlQ%3D%3D&position=15&pageNum=8&trk=public_jobs_jserp-result_search-card,3775362305,Tamcherry - Zaportiv,https://in.linkedin.com/company/tamcherry-zaportiv?trk=public_jobs_jserp-result_job-search-card-subtitle,"Bangalore Urban, Karnataka, India","December 1, 2023",1,1
"Software Development Engineer I, SMB",https://in.linkedin.com/jobs/view/software-development-engineer-i-smb-at-flexport-3795424159?refId=hGSeWCbORcDFpYYYOhLhdg%3D%3D&trackingId=ckOtWp44XG%2FUZEOsMwns5Q%3D%3D&position=16&pageNum=8&trk=public_jobs_jserp-result_search-card,3795424159,Flexport,https://www.linkedin.com/company/flexport?trk=public_jobs_jserp-result_job-search-card-subtitle,"Bengaluru, Karnataka, India","February 13, 2024",6,1
Junior Software Engineer Posted 952 days ago,https://in.linkedin.com/jobs/view/junior-software-engineer-posted-952-days-ago-at-inogic-3831702948?refId=hGSeWCbORcDFpYYYOhLhdg%3D%3D&trackingId=pJB50u%2BTE1i6fAG5RxpU3Q%3D%3D&position=17&pageNum=8&trk=public_jobs_jserp-result_search-card,3831702948,Inogic,https://in.linkedin.com/company/inogicindia?trk=public_jobs_jserp-result_job-search-card-subtitle,"Navi Mumbai, Maharashtra, India","February 16, 2024",137,162
Front-End Developer (ReactJS),https://in.linkedin.com/jobs/view/front-end-developer-reactjs-at-ntt-data-services-3830209698?refId=hGSeWCbORcDFpYYYOhLhdg%3D%3D&trackingId=joTbFF5TN1dwEeUaIgThAw%3D%3D&position=18&pageNum=8&trk=public_jobs_jserp-result_search-card,3830209698,NTT DATA Services,https://www.linkedin.com/company/ntt-data-americas?trk=public_jobs_jserp-result_job-search-card-subtitle,"Bengaluru East, Karnataka, India","February 15, 2024",2,2
Software Engineer I,https://in.linkedin.com/jobs/view/software-engineer-i-at-mastercard-3822851359?refId=hGSeWCbORcDFpYYYOhLhdg%3D%3D&trackingId=W10HQ2phScGJwi0uaNy7TA%3D%3D&position=19&pageNum=8&trk=public_jobs_jserp-result_search-card,3822851359,Mastercard,https://www.linkedin.com/company/mastercard?trk=public_jobs_jserp-result_job-search-card-subtitle,"Vadodara, Gujarat, India","February 5, 2024",1,1
Junior Software Engineer (.net),https://in.linkedin.com/jobs/view/junior-software-engineer-net-at-satva-solutions-3826089936?refId=hGSeWCbORcDFpYYYOhLhdg%3D%3D&trackingId=KuofxRNfpqr9E7eMnxKwWA%3D%3D&position=20&pageNum=8&trk=public_jobs_jserp-result_search-card,3826089936,Satva Solutions,https://in.linkedin.com/company/satvasolutions?trk=public_jobs_jserp-result_job-search-card-subtitle,"Ahmedabad, Gujarat, India","February 9, 2024",3,2
Python Developer,https://in.linkedin.com/jobs/view/python-developer-at-infosys-3807297788?refId=hGSeWCbORcDFpYYYOhLhdg%3D%3D&trackingId=GtpRSF0OlNkQSOQS2HOQtQ%3D%3D&position=21&pageNum=8&trk=public_jobs_jserp-result_search-card,3807297788,Infosys,https://in.linkedin.com/company/infosys?trk=public_jobs_jserp-result_job-search-card-subtitle,"Bengaluru East, Karnataka, India","February 6, 2024",2,1
Jr. Web Developer,https://in.linkedin.com/jobs/view/jr-web-developer-at-communication-crafts-3800936624?refId=hGSeWCbORcDFpYYYOhLhdg%3D%3D&trackingId=EQfBKfALJe%2FEj%2FtccURHSQ%3D%3D&position=22&pageNum=8&trk=public_jobs_jserp-result_search-card,3800936624,Communication Crafts,https://in.linkedin.com/company/communicationcrafts.com?trk=public_jobs_jserp-result_job-search-card-subtitle,"Ahmedabad, Gujarat, India","January 9, 2024",3,1
Software Developer - Backend,https://in.linkedin.com/jobs/view/software-developer-backend-at-bluesapling-3796301511?refId=hGSeWCbORcDFpYYYOhLhdg%3D%3D&trackingId=yvkI3P%2FYbdGFdc15qeizgw%3D%3D&position=23&pageNum=8&trk=public_jobs_jserp-result_search-card,3796301511,BlueSapling,https://in.linkedin.com/company/bluesapling?trk=public_jobs_jserp-result_job-search-card-subtitle,"Bengaluru, Karnataka, India","January 7, 2024",1,1
Software Engineer - 2,https://in.linkedin.com/jobs/view/software-engineer-2-at-scaler-3814268037?refId=hGSeWCbORcDFpYYYOhLhdg%3D%3D&trackingId=410EP2qVErSfB%2BUc2u7W%2Bw%3D%3D&position=24&pageNum=8&trk=public_jobs_jserp-result_search-card,3814268037,Scaler,https://in.linkedin.com/company/scalerofficial?trk=public_jobs_jserp-result_job-search-card-subtitle,"Bengaluru, Karnataka, India","January 31, 2024",4,1
Python Developer,https://in.linkedin.com/jobs/view/python-developer-at-techasoft-pvt-ltd-3800941117?refId=hGSeWCbORcDFpYYYOhLhdg%3D%3D&trackingId=ZEc4RIXLbGO9swaMDX5xDg%3D%3D&position=25&pageNum=8&trk=public_jobs_jserp-result_search-card,3800941117,Techasoft Pvt Ltd,https://in.linkedin.com/company/techasoft-pvt-ltd?trk=public_jobs_jserp-result_job-search-card-subtitle,"Bengaluru, Karnataka, India","January 9, 2024",2,1
Junior Software Develope,https://in.linkedin.com/jobs/view/junior-software-develope-at-acme-services-3816940339?refId=YK4DsF%2FUhUm7yVVpKHYvkw%3D%3D&trackingId=%2FeN2b5kQhwHD0hx2YJ88Zw%3D%3D&position=5&pageNum=6&trk=public_jobs_jserp-result_search-card,3816940339,Acme Services,https://in.linkedin.com/company/acmeservices?trk=public_jobs_jserp-result_job-search-card-subtitle,"Mumbai, Maharashtra, India","December 5, 2023",149,94
Software Engineer I,https://in.linkedin.com/jobs/view/software-engineer-i-at-gilbarco-veeder-root-3819572356?refId=YK4DsF%2FUhUm7yVVpKHYvkw%3D%3D&trackingId=oR1LHsNodwmyQzMUY0nTxw%3D%3D&position=6&pageNum=6&trk=public_jobs_jserp-result_search-card,3819572356,Gilbarco Veeder-Root,https://www.linkedin.com/company/gilbarco-veeder-root?trk=public_jobs_jserp-result_job-search-card-subtitle,"Mumbai, Maharashtra, India","February 7, 2024",17,1
Software Engineer (ReactJS),https://in.linkedin.com/jobs/view/software-engineer-reactjs-at-logitech-3830502445?refId=YK4DsF%2FUhUm7yVVpKHYvkw%3D%3D&trackingId=9B4GLxTaPM8luuL%2BI8H1mg%3D%3D&position=7&pageNum=6&trk=public_jobs_jserp-result_search-card,3830502445,Logitech,https://www.linkedin.com/company/logitech?trk=public_jobs_jserp-result_job-search-card-subtitle,Greater Chennai Area,"February 1, 2024",3,1
Front End Developer,https://in.linkedin.com/jobs/view/front-end-developer-at-parakh-online-pvt-ltd-3811639022?refId=YK4DsF%2FUhUm7yVVpKHYvkw%3D%3D&trackingId=AG8D0tPPOFISlAwsSt7O8w%3D%3D&position=8&pageNum=6&trk=public_jobs_jserp-result_search-card,3811639022,Parakh Online Pvt. Ltd.,https://in.linkedin.com/company/parakh-online?trk=public_jobs_jserp-result_job-search-card-subtitle,"Delhi, Delhi, India","January 2, 2024",8,3
